Time,avg_power
2024-10-13T19:23:00.000+05:30,1.7886610526315794
2024-10-13T19:39:00.000+05:30,1.811826086956522
2024-10-13T04:39:00.000+05:30,0.4508973277074542
2024-10-13T05:13:00.000+05:30,0.4494299788881069
2024-10-13T05:30:00.000+05:30,0.4557663617171006
2024-10-13T07:57:00.000+05:30,1.583728551336146
2024-10-13T12:55:00.000+05:30,1.1865358649789028
2024-10-13T17:52:00.000+05:30,1.131382559774965
2024-10-13T19:22:00.000+05:30,1.775791023842917
2024-10-13T22:36:00.000+05:30,1.323349228611501
2024-10-13T01:31:00.000+05:30,0.5330421348314607
2024-10-13T04:09:00.000+05:30,0.44212798874824194
2024-10-13T11:16:00.000+05:30,1.2396185784658693
2024-10-13T11:27:00.000+05:30,1.2510752990851515
2024-10-13T21:01:00.000+05:30,1.9568185003503848
2024-10-13T21:14:00.000+05:30,1.9522035087719298
2024-10-13T00:37:00.000+05:30,0.6383567415730338
2024-10-13T02:42:00.000+05:30,0.4670814606741574
2024-10-13T05:39:00.000+05:30,0.45592962702322315
2024-10-13T06:42:00.000+05:30,0.9847923997185082
2024-10-13T08:15:00.000+05:30,1.4801745249824063
2024-10-13T12:27:00.000+05:30,1.2039254571026725
2024-10-13T18:10:00.000+05:30,1.2034613220815753
2024-10-13T18:37:00.000+05:30,1.3576416022487703
2024-10-13T21:43:00.000+05:30,1.8526549789621318
2024-10-13T06:12:00.000+05:30,0.4892976776917664
2024-10-13T17:30:00.000+05:30,1.0509430780042164
2024-10-13T00:13:00.000+05:30,0.7131753155680225
2024-10-13T05:15:00.000+05:30,0.456030964109782
2024-10-13T07:05:00.000+05:30,1.3922997888810695
2024-10-13T15:46:00.000+05:30,0.9700309205903022
2024-10-13T23:36:00.000+05:30,0.8615259467040672
2024-10-13T23:55:00.000+05:30,0.7672173913043477
2024-10-13T00:14:00.000+05:30,0.7073730715287517
2024-10-13T01:48:00.000+05:30,0.5053637640449438
2024-10-13T16:31:00.000+05:30,0.9361209563994374
2024-10-13T11:03:00.000+05:30,1.2466845070422534
2024-10-13T11:17:00.000+05:30,1.2420577058409572
2024-10-13T14:38:00.000+05:30,1.0676727528089887
2024-10-13T15:04:00.000+05:30,1.0355614898102603
2024-10-13T19:50:00.000+05:30,1.7147096774193549
2024-10-13T05:02:00.000+05:30,0.44215482054890926
2024-10-13T11:13:00.000+05:30,1.2289584799437017
2024-10-13T18:34:00.000+05:30,1.343766690091356
2024-10-13T23:01:00.000+05:30,1.094647966339411
2024-10-13T00:39:00.000+05:30,0.6268539325842697
2024-10-13T10:50:00.000+05:30,1.2263704225352114
2024-10-13T12:31:00.000+05:30,1.2028087201125175
2024-10-13T12:39:00.000+05:30,1.1829789029535862
2024-10-13T20:42:00.000+05:30,1.9615388927820605
2024-10-13T00:30:00.000+05:30,0.6477162921348314
2024-10-13T03:26:00.000+05:30,0.4349030898876405
2024-10-13T16:30:00.000+05:30,0.9295372714486639
2024-10-13T13:45:00.000+05:30,1.1105326774420239
2024-10-13T20:14:00.000+05:30,1.848323756131745
2024-10-13T04:20:00.000+05:30,0.4454289732770744
2024-10-13T06:33:00.000+05:30,0.719134412385644
2024-10-13T16:56:00.000+05:30,0.971798733286418
2024-10-13T11:26:00.000+05:30,1.250713581984518
2024-10-13T17:31:00.000+05:30,1.0583190442726633
2024-10-13T18:32:00.000+05:30,1.3180323260716795
2024-10-13T01:50:00.000+05:30,0.4977345505617978
2024-10-13T03:15:00.000+05:30,0.4608202247191011
2024-10-13T03:55:00.000+05:30,0.4335122979620522
2024-10-13T04:16:00.000+05:30,0.4432531645569621
2024-10-13T07:25:00.000+05:30,1.4342012667135817
2024-10-13T11:51:00.000+05:30,1.2597424349049964
2024-10-13T17:50:00.000+05:30,1.1250934645115953
2024-10-13T18:58:00.000+05:30,1.5605931131412514
2024-10-13T20:06:00.000+05:30,1.8113468815697262
2024-10-13T20:29:00.000+05:30,1.8975907498248077
2024-10-13T22:28:00.000+05:30,1.4323607017543856
2024-10-13T01:28:00.000+05:30,0.5400210674157303
2024-10-13T03:36:00.000+05:30,0.43945505617977526
2024-10-13T09:38:00.000+05:30,1.3568087201125176
2024-10-13T21:48:00.000+05:30,1.8156605890603084
2024-10-13T01:58:00.000+05:30,0.4961741573033708
2024-10-13T02:41:00.000+05:30,0.4715646067415731
2024-10-13T03:14:00.000+05:30,0.45781882022471915
2024-10-13T08:46:00.000+05:30,1.429039381153305
2024-10-13T16:57:00.000+05:30,0.9739099225897256
2024-10-13T09:13:00.000+05:30,1.3298931082981713
2024-10-13T22:02:00.000+05:30,1.7307798036465643
2024-10-13T23:15:00.000+05:30,0.9748611500701263
2024-10-13T00:34:00.000+05:30,0.6362219101123596
2024-10-13T05:53:00.000+05:30,0.44662631949331455
2024-10-13T07:13:00.000+05:30,1.3918367346938776
2024-10-13T07:33:00.000+05:30,1.5274623504574245
2024-10-13T09:28:00.000+05:30,1.3144922644163148
2024-10-13T09:52:00.000+05:30,1.3063966244725738
2024-10-13T15:17:00.000+05:30,1.026064652143359
2024-10-13T15:24:00.000+05:30,0.9849669711876315
2024-10-13T17:57:00.000+05:30,1.1447482419127988
2024-10-13T23:12:00.000+05:30,0.9933043478260868
2024-10-13T23:16:00.000+05:30,0.9689565217391303
2024-10-13T10:05:00.000+05:30,1.2883952180028129
2024-10-13T10:29:00.000+05:30,1.2631661971830985
2024-10-13T23:10:00.000+05:30,1.012274894810659
2024-10-13T00:43:00.000+05:30,0.6161601123595506
2024-10-13T00:49:00.000+05:30,0.5967710674157304
2024-10-13T02:10:00.000+05:30,0.49218539325842703
2024-10-13T07:02:00.000+05:30,1.3998930330752992
2024-10-13T12:13:00.000+05:30,1.242563994374121
2024-10-13T12:28:00.000+05:30,1.2009057665260197
2024-10-13T19:11:00.000+05:30,1.6813754385964916
2024-10-13T20:03:00.000+05:30,1.8298570427470215
2024-10-13T23:46:00.000+05:30,0.804124824684432
2024-10-13T02:59:00.000+05:30,0.4543581460674157
2024-10-13T03:34:00.000+05:30,0.44703511235955057
2024-10-13T07:09:00.000+05:30,1.3762054890921886
2024-10-13T16:54:00.000+05:30,0.9661393384940183
2024-10-13T13:24:00.000+05:30,1.1476090014064702
2024-10-13T17:24:00.000+05:30,1.0525607870695715
2024-10-13T01:40:00.000+05:30,0.5227570224719101
2024-10-13T01:49:00.000+05:30,0.5004915730337077
2024-10-13T08:10:00.000+05:30,1.48871870604782
2024-10-13T09:10:00.000+05:30,1.3433445850914207
2024-10-13T10:35:00.000+05:30,1.2563026038001408
2024-10-13T11:54:00.000+05:30,1.262030964109782
2024-10-13T12:05:00.000+05:30,1.2386727656579872
2024-10-13T15:13:00.000+05:30,1.0179536191145466
2024-10-13T17:53:00.000+05:30,1.143194659170766
2024-10-13T18:20:00.000+05:30,1.2399536191145468
2024-10-13T18:22:00.000+05:30,1.250492264416315
2024-10-13T19:55:00.000+05:30,1.7618934828311141
2024-10-13T20:20:00.000+05:30,1.853000700770848
2024-10-13T21:15:00.000+05:30,1.9427045614035086
2024-10-13T22:21:00.000+05:30,1.5432805049088358
2024-10-13T23:34:00.000+05:30,0.8794754558204769
2024-10-13T00:03:00.000+05:30,0.7525343618513323
2024-10-13T01:59:00.000+05:30,0.4940660112359551
2024-10-13T02:01:00.000+05:30,0.49944522471910113
2024-10-13T03:46:00.000+05:30,0.44812640449438207
2024-10-13T06:56:00.000+05:30,1.4299127375087963
2024-10-13T07:04:00.000+05:30,1.3786854327938072
2024-10-13T16:15:00.000+05:30,0.9384160224877021
2024-10-13T10:17:00.000+05:30,1.274772695285011
2024-10-13T19:06:00.000+05:30,1.6244452247191012
2024-10-13T20:02:00.000+05:30,1.8255108619481433
2024-10-13T21:26:00.000+05:30,1.8906905263157894
2024-10-13T05:19:00.000+05:30,0.45520337790288523
2024-10-13T08:24:00.000+05:30,1.46355524278677
2024-10-13T11:44:00.000+05:30,1.2611492957746477
2024-10-13T21:58:00.000+05:30,1.738267882187938
2024-10-13T02:49:00.000+05:30,0.4774536516853933
2024-10-13T02:53:00.000+05:30,0.4701671348314606
2024-10-13T05:43:00.000+05:30,0.4503223082336383
2024-10-13T06:13:00.000+05:30,0.49381703026038015
2024-10-13T06:16:00.000+05:30,0.5050260380014076
2024-10-13T17:59:00.000+05:30,1.163199718706048
2024-10-13T21:24:00.000+05:30,1.8998905263157893
2024-10-13T22:01:00.000+05:30,1.7370589060308554
2024-10-13T23:30:00.000+05:30,0.9021528751753156
2024-10-13T04:47:00.000+05:30,0.446706047819972
2024-10-13T05:27:00.000+05:30,0.45199718508092895
2024-10-13T06:28:00.000+05:30,0.5882575650950036
2024-10-13T08:08:00.000+05:30,1.5055260196905769
2024-10-13T09:15:00.000+05:30,1.3288284106891701
2024-10-13T09:56:00.000+05:30,1.281946554149086
2024-10-13T14:31:00.000+05:30,1.0726123595505614
2024-10-13T15:03:00.000+05:30,1.0362066057624737
2024-10-13T17:27:00.000+05:30,1.0664567814476456
2024-10-13T20:26:00.000+05:30,1.8850126227208972
2024-10-13T01:41:00.000+05:30,0.5169396067415731
2024-10-13T04:32:00.000+05:30,0.4416835443037976
2024-10-13T08:43:00.000+05:30,1.429441631504922
2024-10-13T09:43:00.000+05:30,1.3364841660802254
2024-10-13T09:55:00.000+05:30,1.288524613220816
2024-10-13T10:12:00.000+05:30,1.3021759324419424
2024-10-13T11:52:00.000+05:30,1.2586840253342715
2024-10-13T13:10:00.000+05:30,1.1613319268635725
2024-10-13T17:20:00.000+05:30,1.0247665260196905
2024-10-13T18:14:00.000+05:30,1.2326605762473648
2024-10-13T22:07:00.000+05:30,1.6716802244039273
2024-10-13T22:52:00.000+05:30,1.1502300140252455
2024-10-13T02:39:00.000+05:30,0.46761938202247205
2024-10-13T04:12:00.000+05:30,0.44690436005625866
2024-10-13T16:05:00.000+05:30,0.9689079409697822
2024-10-13T10:15:00.000+05:30,1.2925475017593246
2024-10-13T11:24:00.000+05:30,1.2444985915492959
2024-10-13T02:37:00.000+05:30,0.46545646067415725
2024-10-13T15:43:00.000+05:30,0.968494729444835
2024-10-13T14:16:00.000+05:30,1.1096177090653547
2024-10-13T15:08:00.000+05:30,1.040642304989459
2024-10-13T18:41:00.000+05:30,1.3735710267229257
2024-10-13T22:37:00.000+05:30,1.3249102384291727
2024-10-13T22:46:00.000+05:30,1.2000546984572231
2024-10-13T23:21:00.000+05:30,0.9389102384291725
2024-10-13T00:50:00.000+05:30,0.5955014044943819
2024-10-13T01:29:00.000+05:30,0.5360828651685391
2024-10-13T03:24:00.000+05:30,0.4423497191011236
2024-10-13T15:40:00.000+05:30,0.9766001405481379
2024-10-13T13:41:00.000+05:30,1.1236809557273366
2024-10-13T20:19:00.000+05:30,1.8503069376313945
2024-10-13T23:17:00.000+05:30,0.9628948106591864
2024-10-13T23:49:00.000+05:30,0.8111122019635343
2024-10-13T23:56:00.000+05:30,0.7544305750350631
2024-10-13T01:17:00.000+05:30,0.5639887640449439
2024-10-13T15:33:00.000+05:30,0.9763527758257204
2024-10-13T15:53:00.000+05:30,0.9449458889669713
2024-10-13T11:08:00.000+05:30,1.2326563380281692
2024-10-13T15:20:00.000+05:30,1.0016191145467324
2024-10-13T00:09:00.000+05:30,0.7428892005610099
2024-10-13T06:00:00.000+05:30,0.4816129486277269
2024-10-13T08:50:00.000+05:30,1.4350126582278482
2024-10-13T15:41:00.000+05:30,0.9651173576950104
2024-10-13T11:35:00.000+05:30,1.2320042223786067
2024-10-13T14:36:00.000+05:30,1.0475379213483142
2024-10-13T20:07:00.000+05:30,1.8126615276804485
2024-10-13T02:27:00.000+05:30,0.4916292134831461
2024-10-13T03:30:00.000+05:30,0.4351348314606741
2024-10-13T06:43:00.000+05:30,1.0149148486981001
2024-10-13T07:38:00.000+05:30,1.5894106891701827
2024-10-13T10:18:00.000+05:30,1.2701168191414496
2024-10-13T11:58:00.000+05:30,1.240746835443038
2024-10-13T12:56:00.000+05:30,1.1852109704641351
2024-10-13T17:47:00.000+05:30,1.1028874824191277
2024-10-13T22:00:00.000+05:30,1.7422328190743332
2024-10-13T05:45:00.000+05:30,0.44931315974665725
2024-10-13T06:41:00.000+05:30,0.9530781140042224
2024-10-13T16:13:00.000+05:30,0.9331960646521434
2024-10-13T12:12:00.000+05:30,1.2331533052039383
2024-10-13T17:13:00.000+05:30,0.9840675580577056
2024-10-13T17:22:00.000+05:30,1.0434852320675105
2024-10-13T18:05:00.000+05:30,1.2024416315049227
2024-10-13T20:31:00.000+05:30,1.913949544498949
2024-10-13T07:23:00.000+05:30,1.4384405348346236
2024-10-13T17:18:00.000+05:30,1.0038509142053447
2024-10-13T02:57:00.000+05:30,0.45830217849613497
2024-10-13T03:13:00.000+05:30,0.4526095505617978
2024-10-13T12:59:00.000+05:30,1.175336146272855
2024-10-13T14:51:00.000+05:30,1.0621825842696628
2024-10-13T20:38:00.000+05:30,1.9316033637000698
2024-10-13T23:06:00.000+05:30,1.0460771388499297
2024-10-13T01:53:00.000+05:30,0.5018342696629214
2024-10-13T06:15:00.000+05:30,0.49529345531315977
2024-10-13T08:19:00.000+05:30,1.474201266713582
2024-10-13T14:00:00.000+05:30,1.1347814476458185
2024-10-13T17:55:00.000+05:30,1.1559901547116738
2024-10-13T18:06:00.000+05:30,1.2079451476793253
2024-10-13T00:08:00.000+05:30,0.7423071528751751
2024-10-13T00:59:00.000+05:30,0.5788103932584269
2024-10-13T02:06:00.000+05:30,0.4933469101123596
2024-10-13T16:27:00.000+05:30,0.9457904360056261
2024-10-13T09:36:00.000+05:30,1.3404149085794657
2024-10-13T10:49:00.000+05:30,1.228238028169014
2024-10-13T10:54:00.000+05:30,1.2231915492957746
2024-10-13T15:18:00.000+05:30,1.0261194659170765
2024-10-13T19:41:00.000+05:30,1.7632748948106585
2024-10-13T19:46:00.000+05:30,1.7244782608695655
2024-10-13T20:43:00.000+05:30,1.9823672039243165
2024-10-13T05:25:00.000+05:30,0.4523603096410978
2024-10-13T07:52:00.000+05:30,1.6258818565400843
2024-10-13T16:03:00.000+05:30,0.9562937456078711
2024-10-13T10:10:00.000+05:30,1.2981618578465872
2024-10-13T13:35:00.000+05:30,1.1428790436005625
2024-10-13T00:11:00.000+05:30,0.7224614305750351
2024-10-13T00:33:00.000+05:30,0.6347598314606742
2024-10-13T01:07:00.000+05:30,0.5772780898876405
2024-10-13T04:08:00.000+05:30,0.4400098452883264
2024-10-13T04:19:00.000+05:30,0.44505625879043603
2024-10-13T11:33:00.000+05:30,1.253990147783251
2024-10-13T17:49:00.000+05:30,1.112923401264933
2024-10-13T19:10:00.000+05:30,1.6634133333333334
2024-10-13T19:49:00.000+05:30,1.708899018232819
2024-10-13T20:25:00.000+05:30,1.8849348283111425
2024-10-13T02:44:00.000+05:30,0.4740533707865169
2024-10-13T06:02:00.000+05:30,0.4864714989444054
2024-10-13T07:46:00.000+05:30,1.6147004219409282
2024-10-13T11:19:00.000+05:30,1.253650950035186
2024-10-13T14:20:00.000+05:30,1.0736528460997894
2024-10-13T14:40:00.000+05:30,1.0711348314606741
2024-10-13T21:38:00.000+05:30,1.8817363253856947
2024-10-13T22:47:00.000+05:30,1.1949509116409538
2024-10-13T05:08:00.000+05:30,0.44596481351161155
2024-10-13T06:11:00.000+05:30,0.48588318085855037
2024-10-13T15:47:00.000+05:30,0.957013352073085
2024-10-13T10:22:00.000+05:30,1.2647445460942999
2024-10-13T17:56:00.000+05:30,1.15012517580872
2024-10-13T18:23:00.000+05:30,1.2496622097114707
2024-10-13T23:04:00.000+05:30,1.0640715287517533
2024-10-13T00:26:00.000+05:30,0.6591733333333334
2024-10-13T01:54:00.000+05:30,0.5017570224719101
2024-10-13T03:31:00.000+05:30,0.43357303370786526
2024-10-13T16:21:00.000+05:30,0.9291974701335207
2024-10-13T16:42:00.000+05:30,0.9422208157524613
2024-10-13T10:23:00.000+05:30,1.2686868402533429
2024-10-13T11:31:00.000+05:30,1.2532779732582688
2024-10-13T17:35:00.000+05:30,1.0701589310829815
2024-10-13T21:27:00.000+05:30,1.877178370786517
2024-10-13T21:32:00.000+05:30,1.8612370266479665
2024-10-13T01:20:00.000+05:30,0.5567837078651686
2024-10-13T06:47:00.000+05:30,1.1596284306826181
2024-10-13T07:03:00.000+05:30,1.3887149894440536
2024-10-13T08:48:00.000+05:30,1.4419507389162562
2024-10-13T16:19:00.000+05:30,0.926945888966971
2024-10-13T10:38:00.000+05:30,1.243862068965517
2024-10-13T12:29:00.000+05:30,1.1999099859353024
2024-10-13T13:58:00.000+05:30,1.1324427266338721
2024-10-13T17:33:00.000+05:30,1.0523288826423052
2024-10-13T20:27:00.000+05:30,1.8842159887798038
2024-10-13T00:20:00.000+05:30,0.6885147265077138
2024-10-13T01:01:00.000+05:30,0.5792963483146067
2024-10-13T01:13:00.000+05:30,0.5657654494382023
2024-10-13T04:10:00.000+05:30,0.4468101265822785
2024-10-13T04:42:00.000+05:30,0.44432630098452885
2024-10-13T08:02:00.000+05:30,1.5473277074542895
2024-10-13T11:55:00.000+05:30,1.2578099929627022
2024-10-13T15:09:00.000+05:30,1.0382895291637388
2024-10-13T19:31:00.000+05:30,1.806647966339411
2024-10-13T20:52:00.000+05:30,1.9931885073580935
2024-10-13T21:06:00.000+05:30,1.9497992982456136
2024-10-13T21:37:00.000+05:30,1.8668765778401124
2024-10-13T23:07:00.000+05:30,1.0421823281907432
2024-10-13T04:05:00.000+05:30,0.445507735583685
2024-10-13T15:32:00.000+05:30,0.9817484188334503
2024-10-13T10:28:00.000+05:30,1.264156338028169
2024-10-13T12:09:00.000+05:30,1.236448663853727
2024-10-13T14:25:00.000+05:30,1.071877808988764
2024-10-13T17:44:00.000+05:30,1.0952517580872014
2024-10-13T19:05:00.000+05:30,1.6309564606741573
2024-10-13T19:43:00.000+05:30,1.7778218793828893
2024-10-13T20:51:00.000+05:30,2.0009124036440085
2024-10-13T02:13:00.000+05:30,0.4781502808988764
2024-10-13T07:51:00.000+05:30,1.6348902953586497
2024-10-13T08:35:00.000+05:30,1.4449648382559774
2024-10-13T15:50:00.000+05:30,0.9407589599437807
2024-10-13T12:53:00.000+05:30,1.1877876230661044
2024-10-13T03:29:00.000+05:30,0.4376629213483146
2024-10-13T16:52:00.000+05:30,0.9596270232230825
2024-10-13T10:45:00.000+05:30,1.2434018296973963
2024-10-13T14:44:00.000+05:30,1.0364129213483149
2024-10-13T17:08:00.000+05:30,0.9760084388185654
2024-10-13T23:20:00.000+05:30,0.9497896213183732
2024-10-13T00:17:00.000+05:30,0.6933169705469845
2024-10-13T00:28:00.000+05:30,0.6520266666666669
2024-10-13T08:05:00.000+05:30,1.5005907172995783
2024-10-13T17:58:00.000+05:30,1.1527182009838373
2024-10-13T19:17:00.000+05:30,1.7293015427769984
2024-10-13T23:38:00.000+05:30,0.8252706872370267
2024-10-13T18:42:00.000+05:30,1.3854954321855237
2024-10-13T01:11:00.000+05:30,0.573321629213483
2024-10-13T07:15:00.000+05:30,1.3976847290640393
2024-10-13T14:11:00.000+05:30,1.1208798313422348
2024-10-13T14:15:00.000+05:30,1.111603654251581
2024-10-13T17:25:00.000+05:30,1.0612761770906538
2024-10-13T23:23:00.000+05:30,0.9260448807854139
2024-10-13T01:30:00.000+05:30,0.5351573033707864
2024-10-13T06:07:00.000+05:30,0.4862617874736101
2024-10-13T07:56:00.000+05:30,1.5964416315049228
2024-10-13T10:36:00.000+05:30,1.2496115411681914
2024-10-13T11:41:00.000+05:30,1.2456073187895849
2024-10-13T13:53:00.000+05:30,1.1314687280393536
2024-10-13T18:29:00.000+05:30,1.2820646976090015
2024-10-13T19:19:00.000+05:30,1.7444347826086952
2024-10-13T19:35:00.000+05:30,1.7847924263674615
2024-10-13T20:56:00.000+05:30,1.9633380084151468
2024-10-13T21:19:00.000+05:30,1.922385964912281
2024-10-13T21:46:00.000+05:30,1.8322173913043482
2024-10-13T01:15:00.000+05:30,0.5704002808988763
2024-10-13T03:08:00.000+05:30,0.44416713483146064
2024-10-13T04:29:00.000+05:30,0.44399718706047825
2024-10-13T07:16:00.000+05:30,1.4076199859254046
2024-10-13T18:44:00.000+05:30,1.4208404778636683
2024-10-13T21:45:00.000+05:30,1.8494824684431974
2024-10-13T03:00:00.000+05:30,0.4542303370786518
2024-10-13T16:22:00.000+05:30,0.9344961349262122
2024-10-13T14:43:00.000+05:30,1.0445168539325842
2024-10-13T17:45:00.000+05:30,1.1059662447257383
2024-10-13T22:19:00.000+05:30,1.5593534361851331
2024-10-13T23:48:00.000+05:30,0.8055301542776999
2024-10-13T23:50:00.000+05:30,0.8047629733520337
2024-10-13T01:03:00.000+05:30,0.5929634831460674
2024-10-13T05:46:00.000+05:30,0.45186347642505276
2024-10-13T17:00:00.000+05:30,0.9720394088669951
2024-10-13T13:44:00.000+05:30,1.1128025298664794
2024-10-13T19:02:00.000+05:30,1.5943075842696628
2024-10-13T07:54:00.000+05:30,1.617322081575246
2024-10-13T09:07:00.000+05:30,1.3434866385372715
2024-10-13T14:34:00.000+05:30,1.0724764581869288
2024-10-13T19:34:00.000+05:30,1.7760659186535765
2024-10-13T07:17:00.000+05:30,1.4143983110485574
2024-10-13T11:02:00.000+05:30,1.243580281690141
2024-10-13T14:04:00.000+05:30,1.1311257905832748
2024-10-13T14:33:00.000+05:30,1.06665776528461
2024-10-13T15:25:00.000+05:30,0.989685172171469
2024-10-13T22:22:00.000+05:30,1.517945301542777
2024-10-13T06:51:00.000+05:30,1.3046319493314569
2024-10-13T11:47:00.000+05:30,1.2564926108374386
2024-10-13T21:54:00.000+05:30,1.7624940350877194
2024-10-13T00:00:00.000+05:30,0.7476788218793827
2024-10-13T02:23:00.000+05:30,0.489556179775281
2024-10-13T05:47:00.000+05:30,0.46243631245601696
2024-10-13T10:07:00.000+05:30,1.2887684729064044
2024-10-13T13:00:00.000+05:30,1.1636821378340367
2024-10-13T14:18:00.000+05:30,1.0966029515108926
2024-10-13T19:51:00.000+05:30,1.7229011913104415
2024-10-13T20:11:00.000+05:30,1.8029880868955852
2024-10-13T20:24:00.000+05:30,1.8907806587245972
2024-10-13T07:01:00.000+05:30,1.4038522167487686
2024-10-13T09:24:00.000+05:30,1.317209563994374
2024-10-13T11:20:00.000+05:30,1.2537114707952146
2024-10-13T17:40:00.000+05:30,1.0851089248067463
2024-10-13T18:01:00.000+05:30,1.1722109704641348
2024-10-13T23:42:00.000+05:30,0.8194123422159886
2024-10-13T01:06:00.000+05:30,0.5809648876404494
2024-10-13T08:53:00.000+05:30,1.4161378340365685
2024-10-13T21:53:00.000+05:30,1.771132631578947
2024-10-13T01:45:00.000+05:30,0.5169550561797752
2024-10-13T04:13:00.000+05:30,0.4456976090014064
2024-10-13T16:51:00.000+05:30,0.9467670654468685
2024-10-13T12:21:00.000+05:30,1.2308579465541492
2024-10-13T13:46:00.000+05:30,1.1313970484891076
2024-10-13T14:58:00.000+05:30,1.0503049894588896
2024-10-13T18:31:00.000+05:30,1.303351617440225
2024-10-13T21:52:00.000+05:30,1.7668863955119212
2024-10-13T22:40:00.000+05:30,1.2656984572230012
2024-10-13T00:41:00.000+05:30,0.6222120786516853
2024-10-13T16:34:00.000+05:30,0.9468593530239098
2024-10-13T16:41:00.000+05:30,0.9542672292545711
2024-10-13T12:15:00.000+05:30,1.237574947220267
2024-10-13T13:40:00.000+05:30,1.1359086437104708
2024-10-13T18:55:00.000+05:30,1.547918424753868
2024-10-13T19:28:00.000+05:30,1.7726914446002804
2024-10-13T19:40:00.000+05:30,1.7826100981767181
2024-10-13T04:35:00.000+05:30,0.4431181434599156
2024-10-13T07:49:00.000+05:30,1.6352995780590718
2024-10-13T15:51:00.000+05:30,0.9374434293745608
2024-10-13T15:23:00.000+05:30,0.9858074490513
2024-10-13T21:39:00.000+05:30,1.8704866760168302
2024-10-13T04:34:00.000+05:30,0.44446413502109705
2024-10-13T05:35:00.000+05:30,0.4488121041520057
2024-10-13T05:58:00.000+05:30,0.477283603096411
2024-10-13T18:39:00.000+05:30,1.3678678847505268
2024-10-13T23:33:00.000+05:30,0.8754474053295934
2024-10-13T00:38:00.000+05:30,0.6302865168539326
2024-10-13T04:07:00.000+05:30,0.4418888888888889
2024-10-13T06:14:00.000+05:30,0.489061224489796
2024-10-13T08:00:00.000+05:30,1.562028129395218
2024-10-13T08:01:00.000+05:30,1.5546736990154715
2024-10-13T13:11:00.000+05:30,1.1627862165963434
2024-10-13T15:10:00.000+05:30,1.0403063949402669
2024-10-13T22:14:00.000+05:30,1.5816507713884997
2024-10-13T22:25:00.000+05:30,1.4753155680224406
2024-10-13T00:48:00.000+05:30,0.6012682584269663
2024-10-13T01:09:00.000+05:30,0.57425702247191
2024-10-13T03:16:00.000+05:30,0.4642935393258427
2024-10-13T08:44:00.000+05:30,1.4390351617440222
2024-10-13T16:12:00.000+05:30,0.9371890372452564
2024-10-13T16:16:00.000+05:30,0.930702740688686
2024-10-13T12:26:00.000+05:30,1.1960984528832632
2024-10-13T22:16:00.000+05:30,1.5764544179523141
2024-10-13T00:35:00.000+05:30,0.6310000000000001
2024-10-13T04:27:00.000+05:30,0.44164135021097056
2024-10-13T05:17:00.000+05:30,0.4565897255453906
2024-10-13T08:31:00.000+05:30,1.4665179451090777
2024-10-13T08:54:00.000+05:30,1.3990632911392407
2024-10-13T09:18:00.000+05:30,1.3412779732582691
2024-10-13T11:37:00.000+05:30,1.242258972554539
2024-10-13T13:22:00.000+05:30,1.157048557353976
2024-10-13T15:14:00.000+05:30,1.0197399859451863
2024-10-13T17:23:00.000+05:30,1.0501293952180026
2024-10-13T21:30:00.000+05:30,1.8738877980364659
2024-10-13T06:20:00.000+05:30,0.5095819845179451
2024-10-13T16:06:00.000+05:30,0.9756584680252988
2024-10-13T08:59:00.000+05:30,1.3649212376933895
2024-10-13T12:17:00.000+05:30,1.2525808720112517
2024-10-13T14:52:00.000+05:30,1.0648750000000002
2024-10-13T19:14:00.000+05:30,1.7099214035087722
2024-10-13T01:23:00.000+05:30,0.5434887640449438
2024-10-13T01:37:00.000+05:30,0.5308356741573035
2024-10-13T04:36:00.000+05:30,0.44362728551336145
2024-10-13T05:03:00.000+05:30,0.4418606615059817
2024-10-13T06:30:00.000+05:30,0.6220717804363124
2024-10-13T16:25:00.000+05:30,0.9410611384399158
2024-10-13T10:51:00.000+05:30,1.2211901408450703
2024-10-13T14:48:00.000+05:30,1.058259831460674
2024-10-13T18:09:00.000+05:30,1.2096511954992968
2024-10-13T22:09:00.000+05:30,1.64981206171108
2024-10-13T22:54:00.000+05:30,1.139775596072931
2024-10-13T02:34:00.000+05:30,0.47272471910112357
2024-10-13T02:52:00.000+05:30,0.46648314606741575
2024-10-13T08:37:00.000+05:30,1.451520393811533
2024-10-13T16:11:00.000+05:30,0.9503162333099087
2024-10-13T10:11:00.000+05:30,1.300156228008445
2024-10-13T13:09:00.000+05:30,1.1684416315049229
2024-10-13T14:21:00.000+05:30,1.0850168776371307
2024-10-13T18:49:00.000+05:30,1.459482782853127
2024-10-13T20:54:00.000+05:30,1.9681779957953751
2024-10-13T01:02:00.000+05:30,0.5847064606741573
2024-10-13T05:04:00.000+05:30,0.4422491203377903
2024-10-13T06:06:00.000+05:30,0.48796903589021823
2024-10-13T14:03:00.000+05:30,1.1304778636683068
2024-10-13T18:46:00.000+05:30,1.422120871398454
2024-10-13T22:03:00.000+05:30,1.7267012622720899
2024-10-13T03:42:00.000+05:30,0.4454185393258427
2024-10-13T03:48:00.000+05:30,0.4409424157303371
2024-10-13T15:28:00.000+05:30,0.9816640899508078
2024-10-13T09:21:00.000+05:30,1.3360773558368495
2024-10-13T20:35:00.000+05:30,1.9090035038542397
2024-10-13T22:33:00.000+05:30,1.365291725105189
2024-10-13T01:39:00.000+05:30,0.5223272471910111
2024-10-13T07:06:00.000+05:30,1.4050513722730473
2024-10-13T08:13:00.000+05:30,1.4895228712174526
2024-10-13T08:28:00.000+05:30,1.450430682617875
2024-10-13T13:19:00.000+05:30,1.1354810126582278
2024-10-13T14:26:00.000+05:30,1.0792120786516854
2024-10-13T01:36:00.000+05:30,0.5289592696629214
2024-10-13T16:44:00.000+05:30,0.9411378340365684
2024-10-13T16:48:00.000+05:30,0.9528087201125176
2024-10-13T16:50:00.000+05:30,0.9436790992258973
2024-10-13T08:56:00.000+05:30,1.385295358649789
2024-10-13T09:53:00.000+05:30,1.2969563994374123
2024-10-13T10:48:00.000+05:30,1.2466197183098593
2024-10-13T21:02:00.000+05:30,1.9627223001402525
2024-10-13T00:05:00.000+05:30,0.7550392706872371
2024-10-13T02:29:00.000+05:30,0.48219522471910126
2024-10-13T02:46:00.000+05:30,0.47086797752808995
2024-10-13T03:33:00.000+05:30,0.4459002808988764
2024-10-13T06:24:00.000+05:30,0.5397522871217452
2024-10-13T06:31:00.000+05:30,0.653484869809993
2024-10-13T09:32:00.000+05:30,1.3133952180028132
2024-10-13T14:02:00.000+05:30,1.128227687983134
2024-10-13T22:32:00.000+05:30,1.3800967741935488
2024-10-13T00:44:00.000+05:30,0.6130407303370787
2024-10-13T06:35:00.000+05:30,0.785448275862069
2024-10-13T07:42:00.000+05:30,1.5942461322081571
2024-10-13T10:55:00.000+05:30,1.2139563380281693
2024-10-13T13:55:00.000+05:30,1.1348784258608577
2024-10-13T14:09:00.000+05:30,1.1337723120168661
2024-10-13T21:36:00.000+05:30,1.8681444600280506
2024-10-13T02:08:00.000+05:30,0.4946404494382023
2024-10-13T03:04:00.000+05:30,0.4536601123595506
2024-10-13T04:25:00.000+05:30,0.4413080168776371
2024-10-13T06:03:00.000+05:30,0.48578747361013364
2024-10-13T15:59:00.000+05:30,0.955225579761068
2024-10-13T08:55:00.000+05:30,1.4005007032348806
2024-10-13T18:21:00.000+05:30,1.2527552742616037
2024-10-13T21:04:00.000+05:30,1.9552598314606744
2024-10-13T21:28:00.000+05:30,1.8894796633941096
2024-10-13T22:34:00.000+05:30,1.3455918653576437
2024-10-13T06:05:00.000+05:30,0.48884166080225194
2024-10-13T07:53:00.000+05:30,1.6232419127988749
2024-10-13T08:49:00.000+05:30,1.4312118226600985
2024-10-13T17:03:00.000+05:30,0.9901549295774646
2024-10-13T14:49:00.000+05:30,1.0760575842696627
2024-10-13T17:11:00.000+05:30,0.976800281293952
2024-10-13T22:12:00.000+05:30,1.6043927068723702
2024-10-13T23:45:00.000+05:30,0.8110953716690041
2024-10-13T02:58:00.000+05:30,0.4577738764044943
2024-10-13T12:30:00.000+05:30,1.1990182841068917
2024-10-13T12:35:00.000+05:30,1.1803375527426163
2024-10-13T19:57:00.000+05:30,1.7726138752627894
2024-10-13T20:21:00.000+05:30,1.8588339173090402
2024-10-13T06:59:00.000+05:30,1.4257551020408161
2024-10-13T15:38:00.000+05:30,0.991183415319747
2024-10-13T09:01:00.000+05:30,1.3691237693389593
2024-10-13T09:05:00.000+05:30,1.3602798874824193
2024-10-13T09:51:00.000+05:30,1.3116090014064699
2024-10-13T12:23:00.000+05:30,1.2271082981715893
2024-10-13T14:01:00.000+05:30,1.1262094167252286
2024-10-13T23:29:00.000+05:30,0.8996002805049089
2024-10-13T00:51:00.000+05:30,0.5951053370786518
2024-10-13T00:54:00.000+05:30,0.5958089887640451
2024-10-13T05:23:00.000+05:30,0.4565939479239972
2024-10-13T13:08:00.000+05:30,1.1716033755274262
2024-10-13T13:57:00.000+05:30,1.126386507378777
2024-10-13T18:00:00.000+05:30,1.165437016185785
2024-10-13T00:53:00.000+05:30,0.5939002808988763
2024-10-13T04:21:00.000+05:30,0.4402447257383966
2024-10-13T07:31:00.000+05:30,1.512988036593948
2024-10-13T08:09:00.000+05:30,1.5162658227848103
2024-10-13T08:33:00.000+05:30,1.4581997187060478
2024-10-13T10:33:00.000+05:30,1.2594609429978887
2024-10-13T11:01:00.000+05:30,1.2470957746478872
2024-10-13T12:18:00.000+05:30,1.236507735583685
2024-10-13T18:02:00.000+05:30,1.1728818565400843
2024-10-13T20:44:00.000+05:30,1.970030833917309
2024-10-13T20:48:00.000+05:30,1.98512543798178
2024-10-13T22:39:00.000+05:30,1.2864642356241234
2024-10-13T02:56:00.000+05:30,0.46505758426966287
2024-10-13T03:01:00.000+05:30,0.46054494382022465
2024-10-13T04:04:00.000+05:30,0.44580168776371304
2024-10-13T04:54:00.000+05:30,0.4474641350210971
2024-10-13T17:54:00.000+05:30,1.145035839775123
2024-10-13T23:41:00.000+05:30,0.8229509116409537
2024-10-13T06:36:00.000+05:30,0.8120816326530613
2024-10-13T13:38:00.000+05:30,1.1414135021097047
2024-10-13T23:19:00.000+05:30,0.9508667601683028
2024-10-13T00:06:00.000+05:30,0.7356732117812061
2024-10-13T03:50:00.000+05:30,0.43831601123595515
2024-10-13T05:31:00.000+05:30,0.4571625615763547
2024-10-13T10:01:00.000+05:30,1.2822194092827006
2024-10-13T11:40:00.000+05:30,1.2552076002814918
2024-10-13T11:56:00.000+05:30,1.2375622800844477
2024-10-13T12:47:00.000+05:30,1.1835443037974684
2024-10-13T14:41:00.000+05:30,1.0589578651685394
2024-10-13T17:34:00.000+05:30,1.0623190442726633
2024-10-13T17:51:00.000+05:30,1.1288840477863669
2024-10-13T20:45:00.000+05:30,1.9672697967764543
2024-10-13T00:23:00.000+05:30,0.6673824561403509
2024-10-13T06:54:00.000+05:30,1.3904067558057707
2024-10-13T13:03:00.000+05:30,1.163379746835443
2024-10-13T14:17:00.000+05:30,1.1090428671820098
2024-10-13T17:36:00.000+05:30,1.0697976106816587
2024-10-13T19:15:00.000+05:30,1.702849929873773
2024-10-13T21:23:00.000+05:30,1.8990435393258431
2024-10-13T02:38:00.000+05:30,0.4653567415730337
2024-10-13T04:02:00.000+05:30,0.4426891701828411
2024-10-13T04:28:00.000+05:30,0.44706751054852323
2024-10-13T06:04:00.000+05:30,0.4883110485573539
2024-10-13T07:12:00.000+05:30,1.3862026741731173
2024-10-13T07:32:00.000+05:30,1.5271836734693882
2024-10-13T08:42:00.000+05:30,1.427992967651195
2024-10-13T16:37:00.000+05:30,0.9444683544303798
2024-10-13T17:29:00.000+05:30,1.0530274068868588
2024-10-13T18:40:00.000+05:30,1.3734111033028813
2024-10-13T20:15:00.000+05:30,1.8451927119831817
2024-10-13T21:08:00.000+05:30,1.9465207017543849
2024-10-13T22:08:00.000+05:30,1.6682538569424967
2024-10-13T07:28:00.000+05:30,1.4720239268121043
2024-10-13T15:05:00.000+05:30,1.0295165144061842
2024-10-13T18:50:00.000+05:30,1.4890091356289528
2024-10-13T00:55:00.000+05:30,0.5828469101123595
2024-10-13T00:56:00.000+05:30,0.5819115168539325
2024-10-13T01:12:00.000+05:30,0.5684957865168537
2024-10-13T03:23:00.000+05:30,0.44341432584269663
2024-10-13T15:42:00.000+05:30,0.9653070976809558
2024-10-13T11:18:00.000+05:30,1.2465292047853624
2024-10-13T12:44:00.000+05:30,1.1894542897327707
2024-10-13T13:49:00.000+05:30,1.1291426563598033
2024-10-13T15:22:00.000+05:30,0.9831749824314825
2024-10-13T17:15:00.000+05:30,0.9961575246132205
2024-10-13T18:13:00.000+05:30,1.223509486999297
2024-10-13T20:09:00.000+05:30,1.8108199018920812
2024-10-13T01:00:00.000+05:30,0.5821952247191011
2024-10-13T01:26:00.000+05:30,0.5373960674157303
2024-10-13T06:46:00.000+05:30,1.1104292751583393
2024-10-13T08:23:00.000+05:30,1.4704700914848698
2024-10-13T10:57:00.000+05:30,1.227943661971831
2024-10-13T14:30:00.000+05:30,1.0645688202247188
2024-10-13T20:32:00.000+05:30,1.9106138752627886
2024-10-13T23:43:00.000+05:30,0.8174095371669005
2024-10-13T16:10:00.000+05:30,0.9489276177090654
2024-10-13T09:47:00.000+05:30,1.3510112517580872
2024-10-13T20:47:00.000+05:30,1.9811086194814291
2024-10-13T23:39:00.000+05:30,0.8251262272089761
2024-10-13T00:04:00.000+05:30,0.7545960729312762
2024-10-13T03:18:00.000+05:30,0.44824438202247185
2024-10-13T05:11:00.000+05:30,0.45288951442646036
2024-10-13T06:48:00.000+05:30,1.214368754398311
2024-10-13T07:59:00.000+05:30,1.5789282700421943
2024-10-13T08:16:00.000+05:30,1.4824883884588318
2024-10-13T14:24:00.000+05:30,1.0915224719101124
2024-10-13T17:32:00.000+05:30,1.0536837666900913
2024-10-13T00:32:00.000+05:30,0.6383890449438202
2024-10-13T06:18:00.000+05:30,0.5107839549612949
2024-10-13T06:32:00.000+05:30,0.6824334975369458
2024-10-13T16:46:00.000+05:30,0.94689029535865
2024-10-13T09:46:00.000+05:30,1.34142194092827
2024-10-13T12:02:00.000+05:30,1.236239099859353
2024-10-13T14:22:00.000+05:30,1.084279887482419
2024-10-13T17:39:00.000+05:30,1.0857779339423754
2024-10-13T20:41:00.000+05:30,1.9516440084092508
2024-10-13T21:35:00.000+05:30,1.8614109396914442
2024-10-13T01:38:00.000+05:30,0.5271095505617978
2024-10-13T02:32:00.000+05:30,0.4881615168539326
2024-10-13T04:06:00.000+05:30,0.4446962025316456
2024-10-13T05:28:00.000+05:30,0.4551344123856439
2024-10-13T06:08:00.000+05:30,0.4894327938071781
2024-10-13T06:25:00.000+05:30,0.5489697396199859
2024-10-13T16:24:00.000+05:30,0.944042164441321
2024-10-13T11:39:00.000+05:30,1.2479282195636874
2024-10-13T22:23:00.000+05:30,1.5018120617110797
2024-10-13T04:22:00.000+05:30,0.4360295358649789
2024-10-13T07:11:00.000+05:30,1.3927726952850104
2024-10-13T07:24:00.000+05:30,1.4310344827586208
2024-10-13T12:14:00.000+05:30,1.2415833919774806
2024-10-13T13:48:00.000+05:30,1.132386507378777
2024-10-13T19:45:00.000+05:30,1.7624067321178118
2024-10-13T19:52:00.000+05:30,1.7236033637000703
2024-10-13T21:03:00.000+05:30,1.9491887719298246
2024-10-13T00:47:00.000+05:30,0.6046994382022473
2024-10-13T01:18:00.000+05:30,0.5611755617977527
2024-10-13T05:29:00.000+05:30,0.45529204785362415
2024-10-13T05:49:00.000+05:30,0.45366502463054187
2024-10-13T07:22:00.000+05:30,1.445047149894441
2024-10-13T14:45:00.000+05:30,1.0392963483146067
2024-10-13T19:26:00.000+05:30,1.7942230014025244
2024-10-13T03:22:00.000+05:30,0.4451432584269662
2024-10-13T03:28:00.000+05:30,0.44409831460674154
2024-10-13T16:53:00.000+05:30,0.9644999999999999
2024-10-13T09:30:00.000+05:30,1.3226962025316455
2024-10-13T18:33:00.000+05:30,1.3415825720309207
2024-10-13T03:06:00.000+05:30,0.44860393258426967
2024-10-13T08:30:00.000+05:30,1.463787473610134
2024-10-13T10:20:00.000+05:30,1.2689873239436618
2024-10-13T12:11:00.000+05:30,1.2258002812939521
2024-10-13T13:06:00.000+05:30,1.180728551336146
2024-10-13T21:59:00.000+05:30,1.7292005610098178
2024-10-13T23:18:00.000+05:30,0.9609312762973351
2024-10-13T16:38:00.000+05:30,0.9461195499296765
2024-10-13T12:36:00.000+05:30,1.1812194092827002
2024-10-13T14:39:00.000+05:30,1.07000702247191
2024-10-13T17:16:00.000+05:30,1.0004852320675102
2024-10-13T23:09:00.000+05:30,1.014046283309958
2024-10-13T01:52:00.000+05:30,0.5063174157303371
2024-10-13T02:17:00.000+05:30,0.4880997191011235
2024-10-13T06:52:00.000+05:30,1.34375087966221
2024-10-13T06:53:00.000+05:30,1.3607994370161858
2024-10-13T08:29:00.000+05:30,1.4592737508796623
2024-10-13T16:49:00.000+05:30,0.9515482054890922
2024-10-13T12:25:00.000+05:30,1.1963727144866385
2024-10-13T14:08:00.000+05:30,1.1371286015460298
2024-10-13T20:55:00.000+05:30,1.9582173913043477
2024-10-13T22:45:00.000+05:30,1.2112384291725105
2024-10-13T02:30:00.000+05:30,0.4781797752808989
2024-10-13T03:51:00.000+05:30,0.4388511235955057
2024-10-13T04:58:00.000+05:30,0.4426511954992968
2024-10-13T05:20:00.000+05:30,0.45972554539057003
2024-10-13T08:27:00.000+05:30,1.460256338028169
2024-10-13T16:59:00.000+05:30,0.9858043631245603
2024-10-13T17:37:00.000+05:30,1.0775446240337314
2024-10-13T18:43:00.000+05:30,1.403437807449051
2024-10-13T02:31:00.000+05:30,0.4837977528089889
2024-10-13T03:47:00.000+05:30,0.4461207865168539
2024-10-13T08:40:00.000+05:30,1.4513037974683545
2024-10-13T11:59:00.000+05:30,1.2394050632911393
2024-10-13T21:20:00.000+05:30,1.9228715789473685
2024-10-13T21:44:00.000+05:30,1.8601136044880784
2024-10-13T22:42:00.000+05:30,1.242712482468443
2024-10-13T03:03:00.000+05:30,0.4550730337078652
2024-10-13T07:41:00.000+05:30,1.5889324894514767
2024-10-13T15:48:00.000+05:30,0.9505298664792692
2024-10-13T16:28:00.000+05:30,0.9434869992972594
2024-10-13T13:02:00.000+05:30,1.17143741209564
2024-10-13T15:12:00.000+05:30,1.0272691496837667
2024-10-13T20:08:00.000+05:30,1.8254758234057464
2024-10-13T23:57:00.000+05:30,0.7515722300140252
2024-10-13T05:41:00.000+05:30,0.4488669950738917
2024-10-13T06:50:00.000+05:30,1.2750710767065447
2024-10-13T12:22:00.000+05:30,1.2287299578059072
2024-10-13T12:33:00.000+05:30,1.1959957805907173
2024-10-13T12:50:00.000+05:30,1.180014064697609
2024-10-13T18:56:00.000+05:30,1.5588981026001405
2024-10-13T21:56:00.000+05:30,1.751160701754386
2024-10-13T03:37:00.000+05:30,0.4385140449438201
2024-10-13T08:12:00.000+05:30,1.493505981703026
2024-10-13T09:19:00.000+05:30,1.3331729957805905
2024-10-13T17:19:00.000+05:30,1.013043600562588
2024-10-13T18:57:00.000+05:30,1.5601813070976807
2024-10-13T21:11:00.000+05:30,1.9576364912280702
2024-10-13T21:49:00.000+05:30,1.8053534361851333
2024-10-13T00:27:00.000+05:30,0.6587985964912281
2024-10-13T03:56:00.000+05:30,0.4338945147679326
2024-10-13T04:40:00.000+05:30,0.4505035161744023
2024-10-13T16:26:00.000+05:30,0.9460955727336613
2024-10-13T19:58:00.000+05:30,1.7866741415557115
2024-10-13T23:03:00.000+05:30,1.0857868162692847
2024-10-13T04:23:00.000+05:30,0.4380984528832628
2024-10-13T15:36:00.000+05:30,0.9907969079409698
2024-10-13T09:45:00.000+05:30,1.333277074542897
2024-10-13T09:59:00.000+05:30,1.2758606615059818
2024-10-13T10:16:00.000+05:30,1.2845475017593244
2024-10-13T10:53:00.000+05:30,1.2310253521126757
2024-10-13T21:05:00.000+05:30,1.9542247191011237
2024-10-13T22:13:00.000+05:30,1.5906115007012627
2024-10-13T04:17:00.000+05:30,0.4421167369901547
2024-10-13T07:58:00.000+05:30,1.5775035161744027
2024-10-13T16:29:00.000+05:30,0.9372334739803097
2024-10-13T16:43:00.000+05:30,0.9337130801687764
2024-10-13T10:58:00.000+05:30,1.2329140845070423
2024-10-13T11:22:00.000+05:30,1.2452512315270934
2024-10-13T17:26:00.000+05:30,1.0608404778636684
2024-10-13T15:34:00.000+05:30,0.9771637385804638
2024-10-13T10:39:00.000+05:30,1.2382716396903588
2024-10-13T12:40:00.000+05:30,1.1860210970464133
2024-10-13T12:41:00.000+05:30,1.1837651195499297
2024-10-13T14:05:00.000+05:30,1.1422220660576246
2024-10-13T17:07:00.000+05:30,0.975822660098522
2024-10-13T19:24:00.000+05:30,1.8037642105263159
2024-10-13T22:35:00.000+05:30,1.3305834502103786
2024-10-13T03:49:00.000+05:30,0.4386530898876405
2024-10-13T04:49:00.000+05:30,0.4478860759493671
2024-10-13T11:38:00.000+05:30,1.24976354679803
2024-10-13T12:54:00.000+05:30,1.1950689170182844
2024-10-13T14:28:00.000+05:30,1.0757120786516854
2024-10-13T20:39:00.000+05:30,1.9254305750350633
2024-10-13T20:53:00.000+05:30,1.989066573230554
2024-10-13T00:22:00.000+05:30,0.672277894736842
2024-10-13T03:21:00.000+05:30,0.44782724719101125
2024-10-13T04:50:00.000+05:30,0.4445738396624474
2024-10-13T14:07:00.000+05:30,1.1241630358397752
2024-10-13T21:40:00.000+05:30,1.8629509116409535
2024-10-13T04:57:00.000+05:30,0.44727988748241926
2024-10-13T06:09:00.000+05:30,0.48473328641801533
2024-10-13T16:02:00.000+05:30,0.9610751932536893
2024-10-13T10:42:00.000+05:30,1.2434764250527797
2024-10-13T10:59:00.000+05:30,1.2468028169014083
2024-10-13T12:24:00.000+05:30,1.2070421940928273
2024-10-13T01:08:00.000+05:30,0.5768469101123596
2024-10-13T02:19:00.000+05:30,0.5026081460674157
2024-10-13T03:32:00.000+05:30,0.438816011235955
2024-10-13T08:25:00.000+05:30,1.462658691062632
2024-10-13T16:17:00.000+05:30,0.9279451862262824
2024-10-13T16:55:00.000+05:30,0.970240675580577
2024-10-13T12:10:00.000+05:30,1.231322081575246
2024-10-13T14:42:00.000+05:30,1.0565575842696628
2024-10-13T20:18:00.000+05:30,1.8607302032235458
2024-10-13T00:42:00.000+05:30,0.6139339887640448
2024-10-13T05:36:00.000+05:30,0.45411118930330757
2024-10-13T05:56:00.000+05:30,0.47287121745249827
2024-10-13T09:00:00.000+05:30,1.3642222222222222
2024-10-13T09:44:00.000+05:30,1.3351940928270043
2024-10-13T12:52:00.000+05:30,1.1782756680731366
2024-10-13T00:40:00.000+05:30,0.6294957865168539
2024-10-13T03:11:00.000+05:30,0.4518469101123595
2024-10-13T16:18:00.000+05:30,0.9237189037245258
2024-10-13T12:19:00.000+05:30,1.236676511954993
2024-10-13T18:51:00.000+05:30,1.5058790436005627
2024-10-13T23:05:00.000+05:30,1.0541402524544181
2024-10-13T04:14:00.000+05:30,0.44696202531645574
2024-10-13T04:38:00.000+05:30,0.44620393811533055
2024-10-13T05:38:00.000+05:30,0.45616045038705155
2024-10-13T07:47:00.000+05:30,1.6234796061884669
2024-10-13T09:37:00.000+05:30,1.3523150492264415
2024-10-13T10:19:00.000+05:30,1.2714887323943664
2024-10-13T12:20:00.000+05:30,1.234448663853727
2024-10-13T13:01:00.000+05:30,1.1708874824191282
2024-10-13T13:25:00.000+05:30,1.1579915611814346
2024-10-13T15:27:00.000+05:30,0.9848699929725931
2024-10-13T18:15:00.000+05:30,1.2298313422347151
2024-10-13T19:07:00.000+05:30,1.627804775280899
2024-10-13T19:08:00.000+05:30,1.6219200000000003
2024-10-13T21:07:00.000+05:30,1.9499733333333331
2024-10-13T23:53:00.000+05:30,0.78009396914446
2024-10-13T23:54:00.000+05:30,0.769078541374474
2024-10-13T00:24:00.000+05:30,0.6640547368421051
2024-10-13T04:31:00.000+05:30,0.441070323488045
2024-10-13T09:22:00.000+05:30,1.3400407876230658
2024-10-13T17:43:00.000+05:30,1.092970464135021
2024-10-13T18:08:00.000+05:30,1.2164261603375524
2024-10-13T23:37:00.000+05:30,0.8367096774193551
2024-10-13T23:47:00.000+05:30,0.8037138849929876
2024-10-13T02:11:00.000+05:30,0.48845926966292147
2024-10-13T03:59:00.000+05:30,0.4387060478199719
2024-10-13T07:55:00.000+05:30,1.6154149085794656
2024-10-13T00:46:00.000+05:30,0.6115941011235954
2024-10-13T01:33:00.000+05:30,0.528998595505618
2024-10-13T06:22:00.000+05:30,0.5328655876143559
2024-10-13T13:47:00.000+05:30,1.1259943780744905
2024-10-13T21:12:00.000+05:30,1.9539059649122805
2024-10-13T02:15:00.000+05:30,0.48266713483146073
2024-10-13T05:06:00.000+05:30,0.4479169598874033
2024-10-13T05:07:00.000+05:30,0.44738071780436317
2024-10-13T16:07:00.000+05:30,0.9604848910751932
2024-10-13T18:45:00.000+05:30,1.4263513703443433
2024-10-13T18:48:00.000+05:30,1.4339100491918482
2024-10-13T22:11:00.000+05:30,1.6169150877192984
2024-10-13T23:25:00.000+05:30,0.9128709677419354
2024-10-13T23:26:00.000+05:30,0.9102061711079942
2024-10-13T01:21:00.000+05:30,0.5442247191011236
2024-10-13T09:40:00.000+05:30,1.3453895921237695
2024-10-13T11:09:00.000+05:30,1.2289704225352112
2024-10-13T12:43:00.000+05:30,1.1711308016877637
2024-10-13T15:19:00.000+05:30,1.0172396345748418
2024-10-13T00:25:00.000+05:30,0.6640084210526316
2024-10-13T05:44:00.000+05:30,0.45187614356087263
2024-10-13T09:58:00.000+05:30,1.280184247538678
2024-10-13T13:28:00.000+05:30,1.1592095639943745
2024-10-13T18:11:00.000+05:30,1.2099479606188468
2024-10-13T19:12:00.000+05:30,1.6909136842105268
2024-10-13T22:53:00.000+05:30,1.1512552594670407
2024-10-13T00:18:00.000+05:30,0.690569424964937
2024-10-13T01:24:00.000+05:30,0.540123595505618
2024-10-13T15:45:00.000+05:30,0.9715853829936755
2024-10-13T09:09:00.000+05:30,1.3472911392405067
2024-10-13T11:50:00.000+05:30,1.271408866995074
2024-10-13T15:15:00.000+05:30,1.025217146872804
2024-10-13T17:41:00.000+05:30,1.0771454673225582
2024-10-13T02:25:00.000+05:30,0.4862921348314606
2024-10-13T05:42:00.000+05:30,0.45098662913441245
2024-10-13T06:55:00.000+05:30,1.4083082336382828
2024-10-13T09:11:00.000+05:30,1.3408790436005626
2024-10-13T11:14:00.000+05:30,1.2357396199859254
2024-10-13T17:42:00.000+05:30,1.0841911454673225
2024-10-13T19:53:00.000+05:30,1.7318163980378423
2024-10-13T02:35:00.000+05:30,0.47345926966292134
2024-10-13T15:21:00.000+05:30,0.9969205903021786
2024-10-13T17:17:00.000+05:30,0.9999071729957806
2024-10-13T18:12:00.000+05:30,1.2081784961349264
2024-10-13T20:40:00.000+05:30,1.9443559915907496
2024-10-13T02:07:00.000+05:30,0.4884480337078652
2024-10-13T05:26:00.000+05:30,0.4543983110485573
2024-10-13T08:51:00.000+05:30,1.4241870604782
2024-10-13T16:09:00.000+05:30,0.9520913562895292
2024-10-13T09:29:00.000+05:30,1.3235822784810127
2024-10-13T20:33:00.000+05:30,1.9121471618780657
2024-10-13T02:22:00.000+05:30,0.4918132022471911
2024-10-13T06:58:00.000+05:30,1.4271498944405347
2024-10-13T15:49:00.000+05:30,0.9425232067510547
2024-10-13T15:54:00.000+05:30,0.9498805340829233
2024-10-13T10:25:00.000+05:30,1.2660070372976777
2024-10-13T10:30:00.000+05:30,1.2578831808585502
2024-10-13T11:15:00.000+05:30,1.2445460942997888
2024-10-13T11:36:00.000+05:30,1.2425714285714282
2024-10-13T13:23:00.000+05:30,1.1558902953586498
2024-10-13T13:26:00.000+05:30,1.1571631504922646
2024-10-13T18:16:00.000+05:30,1.227061138439916
2024-10-13T19:03:00.000+05:30,1.6130884831460675
2024-10-13T21:34:00.000+05:30,1.8616423562412343
2024-10-13T22:48:00.000+05:30,1.183040673211781
2024-10-13T03:25:00.000+05:30,0.43590028089887645
2024-10-13T12:37:00.000+05:30,1.1893431786216597
2024-10-13T12:49:00.000+05:30,1.1672306610407874
2024-10-13T12:57:00.000+05:30,1.1674599156118144
2024-10-13T17:48:00.000+05:30,1.1107637130801686
2024-10-13T18:03:00.000+05:30,1.1850759493670884
2024-10-13T19:37:00.000+05:30,1.810070126227209
2024-10-13T22:51:00.000+05:30,1.1570084151472648
2024-10-13T00:52:00.000+05:30,0.5946488764044942
2024-10-13T02:02:00.000+05:30,0.4988792134831461
2024-10-13T04:01:00.000+05:30,0.4396413502109705
2024-10-13T06:49:00.000+05:30,1.2469795918367346
2024-10-13T15:52:00.000+05:30,0.9488334504567815
2024-10-13T18:24:00.000+05:30,1.2602855133614628
2024-10-13T19:33:00.000+05:30,1.7905245441795234
2024-10-13T20:57:00.000+05:30,1.9660378416257884
2024-10-13T15:31:00.000+05:30,0.979451862262825
2024-10-13T10:09:00.000+05:30,1.2952830985915498
2024-10-13T13:36:00.000+05:30,1.1437454289732771
2024-10-13T23:11:00.000+05:30,1.0022047685834503
2024-10-13T02:09:00.000+05:30,0.4961713483146068
2024-10-13T02:40:00.000+05:30,0.4725758426966292
2024-10-13T05:37:00.000+05:30,0.45361857846586917
2024-10-13T10:37:00.000+05:30,1.239783251231527
2024-10-13T12:34:00.000+05:30,1.1758888888888888
2024-10-13T17:10:00.000+05:30,0.9814880450070321
2024-10-13T17:21:00.000+05:30,1.0291589310829818
2024-10-13T18:59:00.000+05:30,1.5676964160224875
2024-10-13T06:17:00.000+05:30,0.509262491203378
2024-10-13T15:44:00.000+05:30,0.967398453970485
2024-10-13T10:24:00.000+05:30,1.2626966924700915
2024-10-13T11:43:00.000+05:30,1.2630471498944404
2024-10-13T18:26:00.000+05:30,1.2586118143459917
2024-10-13T22:18:00.000+05:30,1.5606367461430575
2024-10-13T22:44:00.000+05:30,1.2216157082748946
2024-10-13T23:44:00.000+05:30,0.8118485273492285
2024-10-13T00:36:00.000+05:30,0.6346797752808989
2024-10-13T06:37:00.000+05:30,0.8444982406755805
2024-10-13T15:30:00.000+05:30,0.9819283204497541
2024-10-13T09:20:00.000+05:30,1.3341842475386778
2024-10-13T11:12:00.000+05:30,1.2308529204785361
2024-10-13T19:30:00.000+05:30,1.7871332398316966
2024-10-13T20:05:00.000+05:30,1.810208829712684
2024-10-13T00:07:00.000+05:30,0.7402805049088361
2024-10-13T01:46:00.000+05:30,0.5177148876404495
2024-10-13T07:07:00.000+05:30,1.4000999296270231
2024-10-13T16:08:00.000+05:30,0.9576781447645818
2024-10-13T10:27:00.000+05:30,1.2794496833216047
2024-10-13T13:21:00.000+05:30,1.1606708860759494
2024-10-13T14:12:00.000+05:30,1.131201686577653
2024-10-13T14:46:00.000+05:30,1.031671348314607
2024-10-13T17:12:00.000+05:30,0.9809226441631506
2024-10-13T01:14:00.000+05:30,0.5709101123595507
2024-10-13T01:56:00.000+05:30,0.5026713483146067
2024-10-13T08:17:00.000+05:30,1.4777860661505984
2024-10-13T16:35:00.000+05:30,0.9557791842475386
2024-10-13T13:56:00.000+05:30,1.1327772312016862
2024-10-13T17:04:00.000+05:30,0.985290640394089
2024-10-13T19:36:00.000+05:30,1.7927152875175314
2024-10-13T22:56:00.000+05:30,1.118516129032258
2024-10-13T00:21:00.000+05:30,0.6821810526315789
2024-10-13T01:04:00.000+05:30,0.5865393258426966
2024-10-13T16:32:00.000+05:30,0.9330872011251757
2024-10-13T10:03:00.000+05:30,1.2778270042194093
2024-10-13T10:32:00.000+05:30,1.261403237156932
2024-10-13T12:58:00.000+05:30,1.1768959212376935
2024-10-13T21:16:00.000+05:30,1.9413333333333331
2024-10-13T01:16:00.000+05:30,0.5702865168539326
2024-10-13T01:35:00.000+05:30,0.5298230337078652
2024-10-13T02:21:00.000+05:30,0.49240308988764053
2024-10-13T06:27:00.000+05:30,0.578837438423645
2024-10-13T14:10:00.000+05:30,1.1257357695010544
2024-10-13T17:09:00.000+05:30,0.9801504922644162
2024-10-13T19:09:00.000+05:30,1.6381866666666671
2024-10-13T22:05:00.000+05:30,1.7006591865357643
2024-10-13T22:10:00.000+05:30,1.625873772791024
2024-10-13T22:30:00.000+05:30,1.4030414035087717
2024-10-13T02:04:00.000+05:30,0.4982640449438203
2024-10-13T05:51:00.000+05:30,0.4464109781843772
2024-10-13T07:48:00.000+05:30,1.6251054852320677
2024-10-13T13:15:00.000+05:30,1.1359943741209562
2024-10-13T17:28:00.000+05:30,1.0506268446943077
2024-10-13T19:00:00.000+05:30,1.5833361462728555
2024-10-13T02:26:00.000+05:30,0.4884592696629213
2024-10-13T04:59:00.000+05:30,0.4359254571026723
2024-10-13T17:01:00.000+05:30,0.9803603096410979
2024-10-13T09:06:00.000+05:30,1.3523670886075951
2024-10-13T13:42:00.000+05:30,1.1134111033028815
2024-10-13T13:50:00.000+05:30,1.1312382290934644
2024-10-13T06:29:00.000+05:30,0.6057382125263899
2024-10-13T16:58:00.000+05:30,0.9770112676056338
2024-10-13T10:00:00.000+05:30,1.282928270042194
2024-10-13T13:05:00.000+05:30,1.1664894514767932
2024-10-13T21:55:00.000+05:30,1.7509831697054696
2024-10-13T04:55:00.000+05:30,0.45015189873417727
2024-10-13T08:39:00.000+05:30,1.4637116736990152
2024-10-13T22:57:00.000+05:30,1.1293309957924267
2024-10-13T01:05:00.000+05:30,0.5812092696629214
2024-10-13T05:33:00.000+05:30,0.45358761435608735
2024-10-13T18:04:00.000+05:30,1.196323488045007
2024-10-13T19:56:00.000+05:30,1.770071478626489
2024-10-13T21:47:00.000+05:30,1.822962131837307
2024-10-13T21:51:00.000+05:30,1.7975511921458625
2024-10-13T01:32:00.000+05:30,0.527301966292135
2024-10-13T09:12:00.000+05:30,1.332504922644163
2024-10-13T09:39:00.000+05:30,1.345701828410689
2024-10-13T11:28:00.000+05:30,1.2454257565095002
2024-10-13T14:37:00.000+05:30,1.0672752808988761
2024-10-13T20:46:00.000+05:30,1.9775753328661527
2024-10-13T22:24:00.000+05:30,1.4876844319775597
2024-10-13T22:26:00.000+05:30,1.4571528751753156
2024-10-13T23:51:00.000+05:30,0.7998877980364656
2024-10-13T01:44:00.000+05:30,0.5181727528089889
2024-10-13T12:04:00.000+05:30,1.24367229254571
2024-10-13T23:59:00.000+05:30,0.7447980364656384
2024-10-13T01:51:00.000+05:30,0.5049087078651685
2024-10-13T03:41:00.000+05:30,0.4441615168539327
2024-10-13T04:24:00.000+05:30,0.4380464135021096
2024-10-13T04:30:00.000+05:30,0.44094233473980315
2024-10-13T05:00:00.000+05:30,0.4357114707952146
2024-10-13T05:05:00.000+05:30,0.4435270935960591
2024-10-13T14:53:00.000+05:30,1.0502445537596625
2024-10-13T14:59:00.000+05:30,1.0504525650035137
2024-10-13T17:46:00.000+05:30,1.1043023909985936
2024-10-13T19:27:00.000+05:30,1.7793323983169709
2024-10-13T20:10:00.000+05:30,1.8091240364400842
2024-10-13T22:15:00.000+05:30,1.5825848527349227
2024-10-13T02:47:00.000+05:30,0.4690589887640449
2024-10-13T03:43:00.000+05:30,0.4450056179775281
2024-10-13T04:00:00.000+05:30,0.43746554149085803
2024-10-13T05:09:00.000+05:30,0.4480309641097819
2024-10-13T08:45:00.000+05:30,1.4309760900140645
2024-10-13T15:37:00.000+05:30,0.9865200281096276
2024-10-13T15:57:00.000+05:30,0.9496542515811667
2024-10-13T09:14:00.000+05:30,1.3287693389592126
2024-10-13T11:34:00.000+05:30,1.2427628430682618
2024-10-13T19:47:00.000+05:30,1.711844319775596
2024-10-13T01:10:00.000+05:30,0.5709367977528089
2024-10-13T02:50:00.000+05:30,0.47052949438202246
2024-10-13T03:52:00.000+05:30,0.44212789880534076
2024-10-13T06:10:00.000+05:30,0.4827318789584799
2024-10-13T13:54:00.000+05:30,1.1330456781447644
2024-10-13T18:38:00.000+05:30,1.360588896697119
2024-10-13T08:32:00.000+05:30,1.4615102040816323
2024-10-13T15:56:00.000+05:30,0.9502600140548136
2024-10-13T11:00:00.000+05:30,1.2442253521126756
2024-10-13T12:03:00.000+05:30,1.234129395218003
2024-10-13T12:51:00.000+05:30,1.1893291139240507
2024-10-13T03:09:00.000+05:30,0.4506278089887641
2024-10-13T06:34:00.000+05:30,0.752676988036594
2024-10-13T07:44:00.000+05:30,1.621860759493671
2024-10-13T08:06:00.000+05:30,1.4999409282700422
2024-10-13T08:57:00.000+05:30,1.38887482419128
2024-10-13T19:04:00.000+05:30,1.6276867977528091
2024-10-13T20:37:00.000+05:30,1.920466713384723
2024-10-13T21:33:00.000+05:30,1.8641921458625523
2024-10-13T23:00:00.000+05:30,1.098499298737728
2024-10-13T04:18:00.000+05:30,0.44434177215189874
2024-10-13T05:40:00.000+05:30,0.4510724841660803
2024-10-13T16:39:00.000+05:30,0.9533966244725737
2024-10-13T19:25:00.000+05:30,1.8167433380084155
2024-10-13T09:17:00.000+05:30,1.3319676284306825
2024-10-13T13:12:00.000+05:30,1.1587805907172997
2024-10-13T18:17:00.000+05:30,1.2308039353478566
2024-10-13T06:57:00.000+05:30,1.432807042253521
2024-10-13T08:21:00.000+05:30,1.4695904292751583
2024-10-13T08:34:00.000+05:30,1.4528495077355839
2024-10-13T16:20:00.000+05:30,0.9336893886156008
2024-10-13T09:08:00.000+05:30,1.347043600562588
2024-10-13T14:56:00.000+05:30,1.0500604356992267
2024-10-13T02:24:00.000+05:30,0.4846432584269663
2024-10-13T02:48:00.000+05:30,0.4726404494382023
2024-10-13T03:20:00.000+05:30,0.4471432584269662
2024-10-13T04:03:00.000+05:30,0.44137974683544307
2024-10-13T05:16:00.000+05:30,0.45560450387051377
2024-10-13T08:36:00.000+05:30,1.44914064697609
2024-10-13T10:40:00.000+05:30,1.2399183673469387
2024-10-13T14:54:00.000+05:30,1.0552494729444835
2024-10-13T22:41:00.000+05:30,1.2443408134642353
2024-10-13T04:56:00.000+05:30,0.44888466947960626
2024-10-13T05:21:00.000+05:30,0.46427445460943
2024-10-13T06:44:00.000+05:30,1.030813511611541
2024-10-13T10:41:00.000+05:30,1.2455383532723434
2024-10-13T18:53:00.000+05:30,1.509748241912799
2024-10-13T21:57:00.000+05:30,1.7454558204768578
2024-10-13T01:19:00.000+05:30,0.5605702247191011
2024-10-13T03:10:00.000+05:30,0.4536151685393258
2024-10-13T05:57:00.000+05:30,0.4782167487684729
2024-10-13T13:29:00.000+05:30,1.154603375527426
2024-10-13T18:28:00.000+05:30,1.2682967651195496
2024-10-13T19:01:00.000+05:30,1.5932593113141251
2024-10-13T20:04:00.000+05:30,1.8259999999999998
2024-10-13T21:00:00.000+05:30,1.9602536790469518
2024-10-13T23:22:00.000+05:30,0.9334922861150071
2024-10-13T01:22:00.000+05:30,0.5451573033707866
2024-10-13T01:47:00.000+05:30,0.513935393258427
2024-10-13T04:33:00.000+05:30,0.44146554149085804
2024-10-13T04:41:00.000+05:30,0.44476652601969063
2024-10-13T04:43:00.000+05:30,0.44483180858550314
2024-10-13T05:12:00.000+05:30,0.4535721323011963
2024-10-13T08:03:00.000+05:30,1.5261898734177213
2024-10-13T12:16:00.000+05:30,1.237679324894515
2024-10-13T12:48:00.000+05:30,1.176188466947961
2024-10-13T14:06:00.000+05:30,1.1250049191848208
2024-10-13T17:05:00.000+05:30,0.9846066150598171
2024-10-13T18:30:00.000+05:30,1.2903473980309423
2024-10-13T19:42:00.000+05:30,1.7614109396914446
2024-10-13T15:26:00.000+05:30,0.9876317638791287
2024-10-13T21:25:00.000+05:30,1.8817712280701757
2024-10-13T07:40:00.000+05:30,1.5803783403656824
2024-10-13T15:29:00.000+05:30,0.9882361208713984
2024-10-13T19:38:00.000+05:30,1.8139593267882186
2024-10-13T20:13:00.000+05:30,1.8379243167484234
2024-10-13T21:50:00.000+05:30,1.7970589060308557
2024-10-13T01:34:00.000+05:30,0.5298918539325844
2024-10-13T02:18:00.000+05:30,0.4951615168539326
2024-10-13T03:02:00.000+05:30,0.45830477528089886
2024-10-13T04:26:00.000+05:30,0.4382756680731364
2024-10-13T05:54:00.000+05:30,0.4533694581280789
2024-10-13T07:29:00.000+05:30,1.4891738212526393
2024-10-13T16:04:00.000+05:30,0.961413914265636
2024-10-13T09:34:00.000+05:30,1.329157524613221
2024-10-13T10:04:00.000+05:30,1.2797144866385375
2024-10-13T19:54:00.000+05:30,1.7389362298528388
2024-10-13T07:00:00.000+05:30,1.40618296973962
2024-10-13T09:25:00.000+05:30,1.3196132208157523
2024-10-13T09:41:00.000+05:30,1.3497960618846696
2024-10-13T11:53:00.000+05:30,1.267330049261084
2024-10-13T14:35:00.000+05:30,1.0572851123595504
2024-10-13T22:43:00.000+05:30,1.2371304347826086
2024-10-13T03:57:00.000+05:30,0.4350843881856542
2024-10-13T04:11:00.000+05:30,0.44958790436005625
2024-10-13T06:39:00.000+05:30,0.8960534834623506
2024-10-13T07:36:00.000+05:30,1.5602025316455694
2024-10-13T07:43:00.000+05:30,1.6130351617440224
2024-10-13T10:43:00.000+05:30,1.2414595355383535
2024-10-13T17:06:00.000+05:30,0.9840098522167486
2024-10-13T19:29:00.000+05:30,1.7831416549789627
2024-10-13T05:10:00.000+05:30,0.45350035186488385
2024-10-13T05:32:00.000+05:30,0.45054750175932445
2024-10-13T07:45:00.000+05:30,1.6270070323488044
2024-10-13T16:40:00.000+05:30,0.9596061884669479
2024-10-13T09:49:00.000+05:30,1.3375963431786215
2024-10-13T11:10:00.000+05:30,1.2289352112676055
2024-10-13T11:46:00.000+05:30,1.2523814215341311
2024-10-13T12:38:00.000+05:30,1.1863263009845286
2024-10-13T15:16:00.000+05:30,1.023167955024596
2024-10-13T22:04:00.000+05:30,1.7174614305750353
2024-10-13T23:27:00.000+05:30,0.9122973352033659
2024-10-13T23:32:00.000+05:30,0.8858681626928473
2024-10-13T11:06:00.000+05:30,1.2236732394366199
2024-10-13T11:21:00.000+05:30,1.2474032371569317
2024-10-13T14:50:00.000+05:30,1.0616502808988764
2024-10-13T18:54:00.000+05:30,1.521753867791843
2024-10-13T19:21:00.000+05:30,1.7560406732117813
2024-10-13T23:08:00.000+05:30,1.0340995792426368
2024-10-13T09:26:00.000+05:30,1.3251631504922645
2024-10-13T09:48:00.000+05:30,1.3410520393811531
2024-10-13T11:05:00.000+05:30,1.2209873239436622
2024-10-13T19:20:00.000+05:30,1.7515175315568021
2024-10-13T20:00:00.000+05:30,1.7805494043447796
2024-10-13T20:59:00.000+05:30,1.965721093202523
2024-10-13T03:17:00.000+05:30,0.4534283707865169
2024-10-13T13:32:00.000+05:30,1.1622728551336146
2024-10-13T13:52:00.000+05:30,1.1278285312719607
2024-10-13T14:29:00.000+05:30,1.0674129213483148
2024-10-13T20:23:00.000+05:30,1.8781920112123334
2024-10-13T20:58:00.000+05:30,1.968531184302733
2024-10-13T22:06:00.000+05:30,1.6846199158485278
2024-10-13T01:43:00.000+05:30,0.5165702247191013
2024-10-13T02:36:00.000+05:30,0.46607022471910103
2024-10-13T18:35:00.000+05:30,1.337263009845288
2024-10-13T19:18:00.000+05:30,1.7492833099579246
2024-10-13T19:48:00.000+05:30,1.7133520336605896
2024-10-13T02:55:00.000+05:30,0.4699199438202247
2024-10-13T05:18:00.000+05:30,0.4532160450387052
2024-10-13T07:18:00.000+05:30,1.4282251935256862
2024-10-13T07:30:00.000+05:30,1.5029978888106967
2024-10-13T08:58:00.000+05:30,1.381497890295359
2024-10-13T10:56:00.000+05:30,1.2166788732394365
2024-10-13T19:16:00.000+05:30,1.706962131837307
2024-10-13T21:10:00.000+05:30,1.9434564606741576
2024-10-13T01:27:00.000+05:30,0.5346601123595505
2024-10-13T07:50:00.000+05:30,1.633053445850914
2024-10-13T08:47:00.000+05:30,1.4331392405063286
2024-10-13T15:06:00.000+05:30,1.0285846802529865
2024-10-13T18:19:00.000+05:30,1.2370695713281796
2024-10-13T00:45:00.000+05:30,0.6182752808988763
2024-10-13T07:10:00.000+05:30,1.390021111893033
2024-10-13T07:39:00.000+05:30,1.5877285513361463
2024-10-13T08:26:00.000+05:30,1.4661802816901406
2024-10-13T17:14:00.000+05:30,0.993974683544304
2024-10-13T17:38:00.000+05:30,1.0796669009135627
2024-10-13T18:27:00.000+05:30,1.262405063291139
2024-10-13T21:21:00.000+05:30,1.9260785964912281
2024-10-13T21:31:00.000+05:30,1.8633295932678824
2024-10-13T23:35:00.000+05:30,0.8745694249649371
2024-10-13T00:58:00.000+05:30,0.5783328651685393
2024-10-13T03:54:00.000+05:30,0.4347645818692903
2024-10-13T16:23:00.000+05:30,0.9492185523541815
2024-10-13T11:25:00.000+05:30,1.251113300492611
2024-10-13T13:31:00.000+05:30,1.152139240506329
2024-10-13T13:39:00.000+05:30,1.1302839072382294
2024-10-13T14:32:00.000+05:30,1.0676769662921346
2024-10-13T18:07:00.000+05:30,1.2143628691983122
2024-10-13T00:02:00.000+05:30,0.7489368863955118
2024-10-13T02:12:00.000+05:30,0.4809817415730337
2024-10-13T07:14:00.000+05:30,1.3911991555242786
2024-10-13T08:20:00.000+05:30,1.47826178747361
2024-10-13T11:29:00.000+05:30,1.2441604503870511
2024-10-13T14:55:00.000+05:30,1.0586549543218553
2024-10-13T18:36:00.000+05:30,1.3528691983122363
2024-10-13T19:44:00.000+05:30,1.7691921458625521
2024-10-13T21:22:00.000+05:30,1.9207059649122813
2024-10-13T02:14:00.000+05:30,0.4813890449438202
2024-10-13T11:42:00.000+05:30,1.248232230823364
2024-10-13T12:06:00.000+05:30,1.2351026722925456
2024-10-13T13:30:00.000+05:30,1.1512714486638538
2024-10-13T20:17:00.000+05:30,1.849924316748424
2024-10-13T20:28:00.000+05:30,1.8956398037841626
2024-10-13T21:18:00.000+05:30,1.9179578947368423
2024-10-13T22:55:00.000+05:30,1.124600280504909
2024-10-13T23:02:00.000+05:30,1.089399719495091
2024-10-13T03:58:00.000+05:30,0.43877496483825607
2024-10-13T05:22:00.000+05:30,0.4645981703026039
2024-10-13T06:01:00.000+05:30,0.4810147783251232
2024-10-13T16:00:00.000+05:30,0.9626605762473646
2024-10-13T09:35:00.000+05:30,1.348888888888889
2024-10-13T12:32:00.000+05:30,1.20957805907173
2024-10-13T18:52:00.000+05:30,1.5029873417721522
2024-10-13T20:49:00.000+05:30,2.0019453398738607
2024-10-13T16:01:00.000+05:30,0.9618706957132813
2024-10-13T08:52:00.000+05:30,1.426746835443038
2024-10-13T11:32:00.000+05:30,1.2626488388458834
2024-10-13T12:00:00.000+05:30,1.236939521800281
2024-10-13T13:27:00.000+05:30,1.1617651195499294
2024-10-13T13:37:00.000+05:30,1.1357046413502108
2024-10-13T14:23:00.000+05:30,1.0901630358397754
2024-10-13T01:57:00.000+05:30,0.5067331460674158
2024-10-13T04:48:00.000+05:30,0.44993952180028135
2024-10-13T09:23:00.000+05:30,1.3355597749648385
2024-10-13T13:14:00.000+05:30,1.148545710267229
2024-10-13T14:14:00.000+05:30,1.1102979620520028
2024-10-13T15:02:00.000+05:30,1.0340941672522839
2024-10-13T23:14:00.000+05:30,0.9787784011220193
2024-10-13T00:10:00.000+05:30,0.73573492286115
2024-10-13T00:19:00.000+05:30,0.6925427769985975
2024-10-13T04:52:00.000+05:30,0.4464050632911393
2024-10-13T16:36:00.000+05:30,0.9435119549929678
2024-10-13T16:47:00.000+05:30,0.9446132208157525
2024-10-13T09:31:00.000+05:30,1.318434599156118
2024-10-13T11:30:00.000+05:30,1.2494947220267416
2024-10-13T15:07:00.000+05:30,1.02950808151792
2024-10-13T22:50:00.000+05:30,1.173467040673212
2024-10-13T01:42:00.000+05:30,0.5124283707865168
2024-10-13T04:37:00.000+05:30,0.4398495077355838
2024-10-13T15:39:00.000+05:30,0.980968376669009
2024-10-13T10:14:00.000+05:30,1.299957776213934
2024-10-13T10:44:00.000+05:30,1.2469528501055593
2024-10-13T12:08:00.000+05:30,1.2349592123769337
2024-10-13T13:13:00.000+05:30,1.1527102672292542
2024-10-13T13:20:00.000+05:30,1.1484163150492264
2024-10-13T22:20:00.000+05:30,1.5550280504908838
2024-10-13T02:03:00.000+05:30,0.5006067415730339
2024-10-13T02:43:00.000+05:30,0.46772191011235953
2024-10-13T02:54:00.000+05:30,0.4701067415730338
2024-10-13T04:53:00.000+05:30,0.4436779184247539
2024-10-13T16:14:00.000+05:30,0.9376837666900916
2024-10-13T19:32:00.000+05:30,1.8035133239831693
2024-10-13T20:30:00.000+05:30,1.915938332165381
2024-10-13T22:58:00.000+05:30,1.114460350877193
2024-10-13T01:25:00.000+05:30,0.5393342696629214
2024-10-13T03:35:00.000+05:30,0.43841573033707865
2024-10-13T05:01:00.000+05:30,0.4389415904292752
2024-10-13T05:59:00.000+05:30,0.4790541871921183
2024-10-13T07:27:00.000+05:30,1.453673469387755
2024-10-13T08:07:00.000+05:30,1.51056258790436
2024-10-13T10:31:00.000+05:30,1.2602012667135818
2024-10-13T12:45:00.000+05:30,1.1953586497890296
2024-10-13T21:29:00.000+05:30,1.888921458625526
2024-10-13T00:12:00.000+05:30,0.7131893408134643
2024-10-13T03:53:00.000+05:30,0.4430864371047084
2024-10-13T08:18:00.000+05:30,1.4702448979591838
2024-10-13T08:41:00.000+05:30,1.439646976090014
2024-10-13T10:21:00.000+05:30,1.2750288529204787
2024-10-13T13:04:00.000+05:30,1.1646638537271448
2024-10-13T00:15:00.000+05:30,0.7024558204768584
2024-10-13T09:04:00.000+05:30,1.3600857946554148
2024-10-13T11:48:00.000+05:30,1.2577691766361714
2024-10-13T13:07:00.000+05:30,1.1636708860759495
2024-10-13T13:34:00.000+05:30,1.1497974683544305
2024-10-13T00:16:00.000+05:30,0.7034712482468443
2024-10-13T03:05:00.000+05:30,0.4551390449438202
2024-10-13T07:34:00.000+05:30,1.5419619985925404
2024-10-13T15:55:00.000+05:30,0.9484609978917778
2024-10-13T09:02:00.000+05:30,1.3671814345991558
2024-10-13T12:46:00.000+05:30,1.197918424753868
2024-10-13T02:05:00.000+05:30,0.4993328651685395
2024-10-13T08:14:00.000+05:30,1.4843406052076002
2024-10-13T10:46:00.000+05:30,1.244533427163969
2024-10-13T11:04:00.000+05:30,1.233280281690141
2024-10-13T13:17:00.000+05:30,1.1292587904360059
2024-10-13T02:51:00.000+05:30,0.46914606741573034
2024-10-13T07:19:00.000+05:30,1.4324166080225196
2024-10-13T07:21:00.000+05:30,1.445490499648135
2024-10-13T08:11:00.000+05:30,1.490686357243319
2024-10-13T10:52:00.000+05:30,1.2227605633802816
2024-10-13T14:19:00.000+05:30,1.0744736472241745
2024-10-13T20:01:00.000+05:30,1.7924765241765939
2024-10-13T20:16:00.000+05:30,1.8417673440784865
2024-10-13T21:42:00.000+05:30,1.8682384291725103
2024-10-13T07:08:00.000+05:30,1.3847361013370867
2024-10-13T09:33:00.000+05:30,1.3197946554149087
2024-10-13T21:17:00.000+05:30,1.9294371929824563
2024-10-13T00:57:00.000+05:30,0.5819719101123596
2024-10-13T05:34:00.000+05:30,0.4526572836030965
2024-10-13T06:23:00.000+05:30,0.5367501759324419
2024-10-13T09:57:00.000+05:30,1.2816610407876232
2024-10-13T12:01:00.000+05:30,1.2420618846694795
2024-10-13T12:07:00.000+05:30,1.2323347398030942
2024-10-13T02:20:00.000+05:30,0.49751123595505603
2024-10-13T06:40:00.000+05:30,0.9249739619985928
2024-10-13T16:45:00.000+05:30,0.9400042194092827
2024-10-13T23:31:00.000+05:30,0.8941346423562411
2024-10-13T08:38:00.000+05:30,1.4516286919831223
2024-10-13T15:01:00.000+05:30,1.0359353478566407
2024-10-13T21:41:00.000+05:30,1.8721458625525949
2024-10-13T23:40:00.000+05:30,0.8259803646563812
2024-10-13T03:27:00.000+05:30,0.4437345505617978
2024-10-13T04:51:00.000+05:30,0.44342194092827014
2024-10-13T08:22:00.000+05:30,1.468033779028853
2024-10-13T14:27:00.000+05:30,1.078754213483146
2024-10-13T03:45:00.000+05:30,0.44759269662921364
2024-10-13T05:48:00.000+05:30,0.45907107670654473
2024-10-13T06:21:00.000+05:30,0.5195594651653765
2024-10-13T07:37:00.000+05:30,1.5731336146272856
2024-10-13T23:52:00.000+05:30,0.7912496493688639
2024-10-13T06:19:00.000+05:30,0.5073708655876144
2024-10-13T07:26:00.000+05:30,1.4363574947220266
2024-10-13T15:58:00.000+05:30,0.9642923401264932
2024-10-13T09:42:00.000+05:30,1.345724331926864
2024-10-13T10:06:00.000+05:30,1.2869232934553134
2024-10-13T10:13:00.000+05:30,1.3091752287121745
2024-10-13T10:47:00.000+05:30,1.244570021111893
2024-10-13T20:34:00.000+05:30,1.9156117729502449
2024-10-13T22:59:00.000+05:30,1.1162666666666665
2024-10-13T00:31:00.000+05:30,0.6398764044943819
2024-10-13T04:44:00.000+05:30,0.4429922589725545
2024-10-13T06:38:00.000+05:30,0.8652709359605912
2024-10-13T08:04:00.000+05:30,1.5178143459915614
2024-10-13T10:02:00.000+05:30,1.2730196905766529
2024-10-13T10:08:00.000+05:30,1.287012676056338
2024-10-13T15:00:00.000+05:30,1.040223471539002
2024-10-13T18:47:00.000+05:30,1.416462403373155
2024-10-13T04:45:00.000+05:30,0.4440928923293456
2024-10-13T15:11:00.000+05:30,1.0365720309205904
2024-10-13T20:22:00.000+05:30,1.8659761737911706
2024-10-13T21:09:00.000+05:30,1.9478919298245612
2024-10-13T21:13:00.000+05:30,1.9473754385964916
2024-10-13T22:17:00.000+05:30,1.5731935483870974
2024-10-13T22:31:00.000+05:30,1.3933978947368422
2024-10-13T00:01:00.000+05:30,0.749594670406732
2024-10-13T03:12:00.000+05:30,0.4474115168539326
2024-10-13T04:46:00.000+05:30,0.4425330520393812
2024-10-13T15:35:00.000+05:30,0.9823291139240509
2024-10-13T09:54:00.000+05:30,1.2963220815752463
2024-10-13T10:34:00.000+05:30,1.2608318085855033
2024-10-13T11:07:00.000+05:30,1.223607042253521
2024-10-13T11:11:00.000+05:30,1.2219648135116115
2024-10-13T11:57:00.000+05:30,1.2284419422941593
2024-10-13T13:33:00.000+05:30,1.1547482419127992
2024-10-13T11:49:00.000+05:30,1.2569880365939479
2024-10-13T13:59:00.000+05:30,1.1312719606465216
2024-10-13T23:24:00.000+05:30,0.9162384291725104
2024-10-13T06:26:00.000+05:30,0.5637733990147783
2024-10-13T06:45:00.000+05:30,1.0716537649542575
2024-10-13T10:26:00.000+05:30,1.2640788177339901
2024-10-13T14:47:00.000+05:30,1.0587022471910112
2024-10-13T18:25:00.000+05:30,1.2626680731364275
2024-10-13T19:13:00.000+05:30,1.689741935483871
2024-10-13T23:13:00.000+05:30,0.9914530154277701
2024-10-13T01:55:00.000+05:30,0.5031573033707865
2024-10-13T03:07:00.000+05:30,0.4469353932584269
2024-10-13T04:15:00.000+05:30,0.4464233473980311
2024-10-13T05:24:00.000+05:30,0.45194792399718503
2024-10-13T13:43:00.000+05:30,1.1082515811665494
2024-10-13T14:13:00.000+05:30,1.1308460997891776
2024-10-13T20:12:00.000+05:30,1.8152571829011912
2024-10-13T22:38:00.000+05:30,1.3068232819074335
2024-10-13T03:39:00.000+05:30,0.4362233146067416
2024-10-13T16:33:00.000+05:30,0.9418241912798873
2024-10-13T11:23:00.000+05:30,1.242592957746479
2024-10-13T13:18:00.000+05:30,1.1251504922644164
2024-10-13T18:18:00.000+05:30,1.2405411103302881
2024-10-13T19:59:00.000+05:30,1.7772599859845835
2024-10-13T22:27:00.000+05:30,1.4492230014025247
2024-10-13T03:38:00.000+05:30,0.4349522471910112
2024-10-13T07:35:00.000+05:30,1.552888888888889
2024-10-13T09:03:00.000+05:30,1.370111111111111
2024-10-13T09:27:00.000+05:30,1.3282348804500703
2024-10-13T14:57:00.000+05:30,1.0507069571328178
2024-10-13T20:50:00.000+05:30,2.0022298528381213
2024-10-13T22:29:00.000+05:30,1.4186905263157896
2024-10-13T23:58:00.000+05:30,0.7477138849929872
2024-10-13T02:16:00.000+05:30,0.48436235955056167
2024-10-13T03:44:00.000+05:30,0.44572471910112366
2024-10-13T07:20:00.000+05:30,1.4330084507042253
2024-10-13T05:50:00.000+05:30,0.45039831104855743
2024-10-13T05:55:00.000+05:30,0.46455313159746664
2024-10-13T13:51:00.000+05:30,1.1266563598032326
2024-10-13T20:36:00.000+05:30,1.9101625788367202
2024-10-13T23:28:00.000+05:30,0.9053057503506311
2024-10-13T02:28:00.000+05:30,0.4873609550561798
2024-10-13T03:19:00.000+05:30,0.4494915730337078
2024-10-13T03:40:00.000+05:30,0.4359873595505617
2024-10-13T05:52:00.000+05:30,0.4456678395496129
2024-10-13T09:16:00.000+05:30,1.3296441631504923
2024-10-13T09:50:00.000+05:30,1.3190436005625878
2024-10-13T11:45:00.000+05:30,1.2589458128078816
2024-10-13T12:42:00.000+05:30,1.1771462728551338
2024-10-13T13:16:00.000+05:30,1.1210506329113925
2024-10-13T22:49:00.000+05:30,1.181945301542777
2024-10-13T00:29:00.000+05:30,0.6474161403508771
2024-10-13T02:00:00.000+05:30,0.4964101123595504
2024-10-13T02:33:00.000+05:30,0.47950842696629215
2024-10-13T02:45:00.000+05:30,0.47054775280898875
2024-10-13T05:14:00.000+05:30,0.45203659394792406
2024-10-13T17:02:00.000+05:30,0.9816917663617168
