actual_voltage,predicted_voltage_lr,predicted_voltage_rf,predicted_voltage_gbt
241.35,238.83652836854057,237.77526880101172,237.2453757025111
246.17,239.12577955237097,239.8143979217902,239.32092751319988
239.65,240.04431091316866,241.87926725143194,241.75960190885365
239.65,240.04431091316866,241.87926725143194,239.83874353686053
239.65,240.04431091316866,240.11626516405494,241.75960190885365
239.65,240.04431091316866,240.11626516405494,239.83874353686053
235.14,237.08095901694034,236.66347181495763,237.19414362901188
243.28,241.22246923904382,241.89767453321116,241.26801953352725
239.96,240.17068482044604,240.14912745265315,239.95135704018924
235.64,238.38885485945704,238.63753221354327,238.61331963180095
240.93,240.59233742150136,241.35439610757953,240.98368772874494
240.93,240.59233742150136,241.35439610757953,242.16054193752265
240.93,240.59233742150136,242.0919539920883,240.98368772874494
240.93,240.59233742150136,242.0919539920883,242.16054193752265
240.11,240.82391935310037,241.8773216439782,241.76817035013946
244.89,242.27640374266085,242.7669885916455,242.19936877014615
241.9,241.49341471265387,242.84572617541932,243.5093038732266
241.9,241.49341471265387,242.84572617541932,242.37799861587715
241.9,241.49341471265387,242.84572617541932,241.73219117770245
241.9,241.49341471265387,242.09607389455724,243.5093038732266
241.9,241.49341471265387,242.09607389455724,242.37799861587715
241.9,241.49341471265387,242.09607389455724,241.73219117770245
241.9,241.49341471265387,242.04870105030733,243.5093038732266
241.9,241.49341471265387,242.04870105030733,242.37799861587715
241.9,241.49341471265387,242.04870105030733,241.73219117770245
241.27,239.28683276109305,240.42176074898174,242.37270471173278
241.27,239.28683276109305,240.42176074898174,239.32092751319988
241.27,239.28683276109305,239.8143979217902,242.37270471173278
241.27,239.28683276109305,239.8143979217902,239.32092751319988
237.02,237.54569593167298,238.00451224321773,237.90395043612384
246.5,241.48713430610198,242.84572617541932,243.33971082482086
237.18,238.7970822630104,237.97646453112293,238.03906912531454
244.48,240.86373536475566,240.42176074898174,241.08390038209203
237.29,240.19025689399632,240.0704577620616,238.31968014725288
239.57,240.73270033967034,240.39941024837748,240.234601500816
239.57,240.73270033967034,240.39941024837748,238.79319514550932
239.57,240.73270033967034,240.39941024837748,240.73053692248772
239.57,240.73270033967034,238.76753939533296,240.234601500816
239.57,240.73270033967034,238.76753939533296,238.79319514550932
239.57,240.73270033967034,238.76753939533296,240.73053692248772
239.57,240.73270033967034,240.39550982241218,240.234601500816
239.57,240.73270033967034,240.39550982241218,238.79319514550932
239.57,240.73270033967034,240.39550982241218,240.73053692248772
243.25,235.03020110601588,239.70779707569673,239.09493677979202
243.25,235.03020110601588,239.70779707569673,238.82667537363724
243.25,235.03020110601588,240.0984566211076,239.09493677979202
243.25,235.03020110601588,240.0984566211076,238.82667537363724
238.78,240.62615470343542,238.00451224321773,237.27625737729343
238.78,240.62615470343542,238.00451224321773,241.66681336772015
238.78,240.62615470343542,239.76981026628897,237.27625737729343
238.78,240.62615470343542,239.76981026628897,241.66681336772015
232.62,236.4172245909067,237.96868541676446,236.68634766639383
241.45,241.73757680295532,242.0919539920883,242.42835089776491
237.66,241.2732602767528,240.4458056702395,240.1615070835733
241.24,240.50977301602052,241.14048524863446,240.90464550122053
241.24,240.50977301602052,241.14048524863446,240.78977677921097
241.24,240.50977301602052,241.14048524863446,240.1630683741909
241.24,240.50977301602052,241.2187453780417,240.90464550122053
241.24,240.50977301602052,241.2187453780417,240.78977677921097
241.24,240.50977301602052,241.2187453780417,240.1630683741909
241.24,240.50977301602052,240.29172246922457,240.90464550122053
241.24,240.50977301602052,240.29172246922457,240.78977677921097
241.24,240.50977301602052,240.29172246922457,240.1630683741909
242.99,241.08966111311204,240.54659515951784,240.37337243476344
242.99,241.08966111311204,240.54659515951784,242.4412198793819
242.99,241.08966111311204,242.04870105030733,240.37337243476344
242.99,241.08966111311204,242.04870105030733,242.4412198793819
240.95,241.06623331681217,240.33159078064446,241.66681336772015
244.32,241.4504610883206,242.84572617541932,243.33971082482086
241.72,241.78052004835314,242.84572617541932,243.33971082482086
240.64,238.99026600180653,238.7801641278376,238.64420130658326
242.3,241.50277375085142,242.03331978432388,241.7724844285411
244.54,241.25612705140753,242.02567941023662,242.71583850067663
244.54,241.25612705140753,242.02567941023662,241.93539203203906
244.54,241.25612705140753,242.23929900142707,242.71583850067663
244.54,241.25612705140753,242.23929900142707,241.93539203203906
242.38,241.49999614163508,242.04870105030733,242.635364776301
242.38,241.49999614163508,242.04870105030733,241.7724844285411
242.38,241.49999614163508,242.03331978432388,242.635364776301
242.38,241.49999614163508,242.03331978432388,241.7724844285411
239.94,241.77547392401706,242.15470810232165,243.01817901075685
240.98,241.46179657756426,241.68493228821725,242.68050864831508
240.98,241.46179657756426,241.68493228821725,242.12556256480462
240.98,241.46179657756426,240.44804622830378,242.68050864831508
240.98,241.46179657756426,240.44804622830378,242.12556256480462
241.77,241.51808339294521,241.87926725143194,241.75960190885365
237.82,238.67280795834728,237.6213826254081,237.68814791704582
241.73,239.26590939580618,239.21852824958742,239.10512499412187
244.27,241.7029847864973,241.87926725143194,241.94912455163052
244.27,241.7029847864973,241.87926725143194,241.26975440803807
244.27,241.7029847864973,241.87926725143194,242.13209903725075
244.27,241.7029847864973,239.7360083414955,241.94912455163052
244.27,241.7029847864973,239.7360083414955,241.26975440803807
244.27,241.7029847864973,239.7360083414955,242.13209903725075
244.27,241.7029847864973,242.23929900142707,241.94912455163052
244.27,241.7029847864973,242.23929900142707,241.26975440803807
244.27,241.7029847864973,242.23929900142707,242.13209903725075
243.07,241.0645970473571,242.84572617541932,242.9090585678147
242.48,242.08243631098512,241.48028303319728,241.71473390114005
242.48,242.08243631098512,241.48028303319728,243.75649680408884
242.48,242.08243631098512,242.20132700546765,241.71473390114005
242.48,242.08243631098512,242.20132700546765,243.75649680408884
241.17,241.93574343985952,242.20132700546765,243.75649680408884
241.98,241.38316056399617,242.21072123818195,242.2455272429156
242.24,241.72803847331681,241.87926725143194,242.34597535779454
242.24,241.72803847331681,241.87926725143194,242.37799861587715
242.24,241.72803847331681,242.20352209402103,242.34597535779454
242.24,241.72803847331681,242.20352209402103,242.37799861587715
241.23,240.57993843454796,240.0899796847329,239.8162383509985
238.1,241.0486919621803,239.78244071897976,239.29004583841757
238.1,241.0486919621803,239.78244071897976,243.33971082482086
238.1,241.0486919621803,239.78244071897976,239.3172424478374
238.1,241.0486919621803,242.84572617541932,239.29004583841757
238.1,241.0486919621803,242.84572617541932,243.33971082482086
238.1,241.0486919621803,242.84572617541932,239.3172424478374
238.1,241.0486919621803,239.6860971592113,239.29004583841757
238.1,241.0486919621803,239.6860971592113,243.33971082482086
238.1,241.0486919621803,239.6860971592113,239.3172424478374
232.75,236.52159701936395,236.67440739326508,237.24107270488886
245.41,241.18680052963228,241.88985088041403,241.03440371995762
242.69,241.81719326613455,242.84572617541932,243.33971082482086
240.48,241.31735524084732,241.9637720608445,242.68770536778356
240.08,240.67718825881332,240.29172246922457,240.1630683741909
240.08,240.67718825881332,240.29172246922457,240.5229944678039
240.08,240.67718825881332,240.35953263270585,240.1630683741909
240.08,240.67718825881332,240.35953263270585,240.5229944678039
241.41,242.14657421956503,240.073010736036,239.13892925724346
241.41,242.14657421956503,240.073010736036,241.03197396238846
241.41,242.14657421956503,241.68264943937933,239.13892925724346
241.41,242.14657421956503,241.68264943937933,241.03197396238846
238.89,239.6156555586017,241.00175932661077,240.63881529507722
239.86,241.81878377465222,240.9451756509167,240.2047370002347
240.6,242.0388230813406,241.57892828401359,240.70558166076876
240.6,242.0388230813406,241.57892828401359,240.2047370002347
240.6,242.0388230813406,240.9451756509167,240.70558166076876
240.6,242.0388230813406,240.9451756509167,240.2047370002347
240.81,241.78351375159215,240.92030793985222,241.51548290507858
241.69,241.28858832013745,240.15578181695514,240.46340335965763
235.91,241.93611004509685,241.05524261075448,240.85271301475868
237.31,241.49880904093644,240.35763271397883,239.84102755697495
238.1,241.5238075238834,239.78244071897976,239.29004583841757
238.1,241.5238075238834,239.78244071897976,243.33971082482086
238.1,241.5238075238834,239.78244071897976,239.3172424478374
238.1,241.5238075238834,242.84572617541932,239.29004583841757
238.1,241.5238075238834,242.84572617541932,243.33971082482086
238.1,241.5238075238834,242.84572617541932,239.3172424478374
238.1,241.5238075238834,239.6860971592113,239.29004583841757
238.1,241.5238075238834,239.6860971592113,243.33971082482086
238.1,241.5238075238834,239.6860971592113,239.3172424478374
237.17,237.17663579797858,239.98814145246894,239.33903036820828
237.33,242.07077997744153,242.28594178318812,242.28590565129178
233.85,241.40420471596357,241.5019769991361,241.35244043535067
231.05,235.02104729832612,236.9819207247912,237.22940358644135
232.08,238.94446258367324,240.0580224819224,239.2208486557216
237.39,242.25573657486618,241.20854155911428,242.25725365438186
236.18,240.18607609005866,239.76981026628897,238.29357596742386
236.46,242.22427037157098,241.04851428652168,240.86630888391056
241.05,241.98756540958462,241.14189402923475,241.00561193053207
237.52,240.97742672794092,240.38980354617124,240.73053692248772
240.57,239.9763139809513,239.49202887906245,239.36515021593578
241.65,241.59494064819896,241.87926725143194,242.00167798026197
241.65,241.59494064819896,241.87926725143194,241.3773143147585
241.65,241.59494064819896,241.02402167111958,242.00167798026197
241.65,241.59494064819896,241.02402167111958,241.3773143147585
239.3,242.10593629186866,240.53414332087664,239.70957998180725
241.34,240.74363290567445,240.48090851690193,241.68862273769392
241.34,240.74363290567445,240.48090851690193,241.0000914050986
241.34,240.74363290567445,241.3103410574672,241.68862273769392
241.34,240.74363290567445,241.3103410574672,241.0000914050986
240.61,241.4836970915744,240.54659515951784,240.37337243476344
241.63,241.25062703684745,240.85144813802813,239.03751267502113
242.15,241.47193600775358,242.15251301376824,242.62907786304467
242.15,241.47193600775358,242.15251301376824,241.13988869519534
242.15,241.47193600775358,240.34218234573433,242.62907786304467
242.15,241.47193600775358,240.34218234573433,241.13988869519534
238.7,239.62909395134747,240.3092402800402,239.00178481227152
238.7,239.62909395134747,240.3092402800402,239.50981718182166
238.7,239.62909395134747,240.3092402800402,238.42839878750524
238.7,239.62909395134747,239.76035327208547,239.00178481227152
238.7,239.62909395134747,239.76035327208547,239.50981718182166
238.7,239.62909395134747,239.76035327208547,238.42839878750524
238.7,239.62909395134747,238.7508277544821,239.00178481227152
238.7,239.62909395134747,238.7508277544821,239.50981718182166
238.7,239.62909395134747,238.7508277544821,238.42839878750524
242.16,242.00424946617346,240.21170119657705,238.78824190866357
239.49,241.69573337326943,240.6370853133448,240.57712625654815
239.49,241.69573337326943,240.6370853133448,241.66681336772015
239.49,241.69573337326943,240.6370853133448,239.84102755697495
239.49,241.69573337326943,240.33159078064446,240.57712625654815
239.49,241.69573337326943,240.33159078064446,241.66681336772015
239.49,241.69573337326943,240.33159078064446,239.84102755697495
239.49,241.69573337326943,241.01553925382444,240.57712625654815
239.49,241.69573337326943,241.01553925382444,241.66681336772015
239.49,241.69573337326943,241.01553925382444,239.84102755697495
238.17,241.23984640263774,240.85144813802813,239.03751267502113
243.33,241.11321157640057,242.02567941023662,242.72168410170832
243.33,241.11321157640057,242.02567941023662,240.3071919487259
243.33,241.11321157640057,242.02567941023662,241.2466434895489
243.33,241.11321157640057,240.11393111001144,242.72168410170832
243.33,241.11321157640057,240.11393111001144,240.3071919487259
243.33,241.11321157640057,240.11393111001144,241.2466434895489
243.33,241.11321157640057,241.41751602993182,242.72168410170832
243.33,241.11321157640057,241.41751602993182,240.3071919487259
243.33,241.11321157640057,241.41751602993182,241.2466434895489
239.01,240.8116387962475,241.88985088041403,241.70271702847282
239.01,240.8116387962475,241.88985088041403,238.12374168857133
239.01,240.8116387962475,239.83247122545805,241.70271702847282
239.01,240.8116387962475,239.83247122545805,238.12374168857133
240.59,241.55067677159892,239.79220024141728,239.09493677979202
242.07,240.5675734338679,241.9265116537214,240.86493270757248
242.96,242.11216951690338,240.9451756509167,241.74198429824523
241.71,241.14581439798945,241.87926725143194,241.94912455163052
241.71,241.14581439798945,241.87926725143194,240.99323512719312
241.71,241.14581439798945,241.801566329251,241.94912455163052
241.71,241.14581439798945,241.801566329251,240.99323512719312
233.1,240.4349280783943,240.32757542989535,240.49211279302162
235.62,241.40075712250058,241.89767453321116,241.36989292902962
235.62,241.40075712250058,241.89767453321116,241.7724844285411
235.62,241.40075712250058,242.08459177882327,241.36989292902962
235.62,241.40075712250058,242.08459177882327,241.7724844285411
236.37,241.3053587257127,240.35542449993855,240.2047370002347
232.79,240.2067984617259,239.7360083414955,239.08988750719368
236.85,240.86273227696554,241.36497973656157,240.8818143332426
235.28,240.76140733504008,239.83247122545805,238.13698577966528
233.44,241.40075712250058,242.08459177882327,241.7724844285411
236.62,242.05795494449015,240.39757836759404,240.2047370002347
238.59,242.09462816227153,240.39757836759404,240.2047370002347
232.09,240.5926625026894,239.7360083414955,239.08988750719368
235.11,239.9006886513333,240.3093194878615,239.8162383509985
235.98,241.68062142390744,240.57622518131424,240.56459576069489
231.99,240.01370672938407,239.76494485615754,238.12701371634168
234.67,241.00347124330702,240.85144813802813,239.03751267502113
235.62,241.12999094033148,241.89767453321116,241.36989292902962
235.62,241.12999094033148,241.89767453321116,241.7724844285411
235.62,241.12999094033148,242.08459177882327,241.36989292902962
235.62,241.12999094033148,242.08459177882327,241.7724844285411
238.39,241.65752012937534,241.44752698519906,241.37179333009448
238.39,241.65752012937534,241.44752698519906,241.53351077893313
238.39,241.65752012937534,241.60798603656553,241.37179333009448
238.39,241.65752012937534,241.60798603656553,241.53351077893313
236.24,241.41765727311207,241.06822980905804,239.03751267502113
240.13,241.34899035664805,241.70776707416502,241.2865331409355
237.24,240.34191426193917,239.98982549935832,239.9408596940367
238.85,241.34221123493504,241.70776707416502,241.2865331409355
241.88,241.43243941981845,241.56964125683302,241.1045534308681
241.88,241.43243941981845,241.56964125683302,241.4297155997578
241.88,241.43243941981845,241.56964125683302,240.2047370002347
241.88,241.43243941981845,241.56964125683302,240.70221941223113
241.88,241.43243941981845,241.94905063276002,241.1045534308681
241.88,241.43243941981845,241.94905063276002,241.4297155997578
241.88,241.43243941981845,241.94905063276002,240.2047370002347
241.88,241.43243941981845,241.94905063276002,240.70221941223113
241.88,241.43243941981845,240.39757836759404,241.1045534308681
241.88,241.43243941981845,240.39757836759404,241.4297155997578
241.88,241.43243941981845,240.39757836759404,240.2047370002347
241.88,241.43243941981845,240.39757836759404,240.70221941223113
241.88,241.43243941981845,241.1966587701599,241.1045534308681
241.88,241.43243941981845,241.1966587701599,241.4297155997578
241.88,241.43243941981845,241.1966587701599,240.2047370002347
241.88,241.43243941981845,241.1966587701599,240.70221941223113
244.83,240.94035954527564,241.581123372567,240.62566262074216
239.5,238.9613853724637,239.80196170666187,239.45604620239058
239.5,238.9613853724637,239.80196170666187,238.73123650694612
239.5,238.9613853724637,237.8067230899904,239.45604620239058
239.5,238.9613853724637,237.8067230899904,238.73123650694612
238.88,241.40730740636795,239.82956201433066,239.73713290114097
243.75,240.17268345825033,241.6947720242244,241.5630233042537
239.21,241.8363251292841,241.28227880767454,240.8777153163559
240.01,241.17479599214224,242.2517217821233,242.56918006510696
239.54,242.24862765049755,240.44890068299668,239.24089498993854
240.66,241.48872481461967,240.35542449993855,240.2047370002347
238.33,241.4029576899248,240.29172246922457,240.1630683741909
238.33,241.4029576899248,240.29172246922457,242.19936877014615
238.33,241.4029576899248,240.29172246922457,239.9573129402989
238.33,241.4029576899248,241.28227880767454,240.1630683741909
238.33,241.4029576899248,241.28227880767454,242.19936877014615
238.33,241.4029576899248,241.28227880767454,239.9573129402989
238.33,241.4029576899248,240.06561184861783,240.1630683741909
238.33,241.4029576899248,240.06561184861783,242.19936877014615
238.33,241.4029576899248,240.06561184861783,239.9573129402989
237.42,238.9460818724172,239.6562779102324,239.35622721826854
237.21,241.01413674830403,241.87926725143194,242.00167798026197
237.21,241.01413674830403,241.87926725143194,239.01933003763352
237.21,241.01413674830403,239.79220024141728,242.00167798026197
237.21,241.01413674830403,239.79220024141728,239.01933003763352
237.91,241.90100893454226,240.21170119657705,238.78824190866357
239.64,241.45205159683826,240.35542449993855,240.2047370002347
238.62,241.4058353279508,241.89767453321116,241.36989292902962
240.94,241.4118675593659,242.30741230374173,241.96329605279325
239.13,241.55941772853453,240.38980354617124,240.86159471404662
239.13,241.55941772853453,240.38980354617124,242.36245279498905
239.13,241.55941772853453,242.14322598658768,240.86159471404662
239.13,241.55941772853453,242.14322598658768,242.36245279498905
237.81,240.8521630153109,240.06132893100363,239.97561507104203
236.61,241.01068113248562,239.825743241597,238.50091356826013
240.58,241.41378787053918,242.84572617541932,241.74867103977235
241.9,241.61801881997263,242.84572617541932,243.5093038732266
241.9,241.61801881997263,242.84572617541932,242.37799861587715
241.9,241.61801881997263,242.84572617541932,241.73219117770245
241.9,241.61801881997263,242.09607389455724,243.5093038732266
241.9,241.61801881997263,242.09607389455724,242.37799861587715
241.9,241.61801881997263,242.09607389455724,241.73219117770245
241.9,241.61801881997263,242.04870105030733,243.5093038732266
241.9,241.61801881997263,242.04870105030733,242.37799861587715
241.9,241.61801881997263,242.04870105030733,241.73219117770245
240.52,241.7838251529569,239.7360083414955,239.08988750719368
240.52,241.7838251529569,239.7360083414955,242.40519308149297
240.52,241.7838251529569,242.1407679837877,239.08988750719368
240.52,241.7838251529569,242.1407679837877,242.40519308149297
237.45,240.71863300214775,239.6860971592113,239.3172424478374
236.97,238.3991504583289,237.94154409211143,237.11592286434328
237.55,239.9930853225268,239.36427899806864,239.40632835915088
238.9,237.6365676771568,236.65033061449884,237.2447622473023
234.97,239.63646851614345,236.66347181495763,234.9109509032149
234.97,239.63646851614345,236.66347181495763,236.9424067320112
234.97,239.63646851614345,240.38980354617124,234.9109509032149
234.97,239.63646851614345,240.38980354617124,236.9424067320112
238.21,239.13344805324112,238.63753221354327,238.61331963180095
237.07,240.62615470343542,239.76981026628897,241.66681336772015
238.41,240.584709960101,241.05524261075448,240.91090179882545
238.41,240.584709960101,241.05524261075448,240.5229944678039
238.41,240.584709960101,240.35953263270585,240.91090179882545
238.41,240.584709960101,240.35953263270585,240.5229944678039
233.78,235.4818803644842,236.63899474735757,237.02753894087607
233.49,234.2636564312372,237.39873232210888,235.0858361849836
242.75,242.01864660635167,242.20132700546765,243.39835872565143
239.71,240.4236567513789,240.33159078064446,239.2240904803169
237.78,240.30177504940391,240.32757542989535,240.49211279302162
242.85,241.33705470285383,241.7371988801182,241.66882025005546
245.57,241.0986351447814,242.12949137369756,242.30412227723298
240.92,242.14407120913177,240.11393111001144,240.3071919487259
240.92,242.14407120913177,240.11393111001144,241.66681336772015
240.92,242.14407120913177,240.11393111001144,242.17743183929292
240.92,242.14407120913177,240.33159078064446,240.3071919487259
240.92,242.14407120913177,240.33159078064446,241.66681336772015
240.92,242.14407120913177,240.33159078064446,242.17743183929292
240.92,242.14407120913177,242.33288255112694,240.3071919487259
240.92,242.14407120913177,242.33288255112694,241.66681336772015
240.92,242.14407120913177,242.33288255112694,242.17743183929292
240.83,241.14052905687228,238.8879229732392,238.74100885750835
240.83,241.14052905687228,238.8879229732392,240.89350607125294
240.83,241.14052905687228,240.4819049314055,238.74100885750835
240.83,241.14052905687228,240.4819049314055,240.89350607125294
246.97,241.59715395944616,242.84572617541932,243.33971082482086
245.45,241.1379434829199,242.84572617541932,243.30886576902782
242.28,240.9427026015591,240.2438011534426,239.47344090129369
235.95,238.21270338119623,237.9638330970848,237.92645562198584
245.11,241.78692784336127,239.7360083414955,241.26975440803807
241.61,240.49076524043937,239.82465903920667,239.32781178124785
244.08,241.24959940571915,240.33159078064446,241.66681336772015
238.08,238.78723253200715,238.8879229732392,237.77823138737804
242.76,241.58412321140756,242.08459177882327,241.7724844285411
244.52,241.42624629825326,242.0689323520176,242.2689104759278
246.25,239.44620393942265,242.00051714848104,241.88007280499212
245.37,240.81237672818972,242.0919539920883,242.16054193752265
237.71,239.14650192403818,238.68286757025658,238.83309097520504
237.71,239.14650192403818,238.68286757025658,239.35869345603012
237.71,239.14650192403818,239.83635506735385,238.83309097520504
237.71,239.14650192403818,239.83635506735385,239.35869345603012
243.33,241.46111857096216,242.02567941023662,242.72168410170832
243.33,241.46111857096216,242.02567941023662,240.3071919487259
243.33,241.46111857096216,242.02567941023662,241.2466434895489
243.33,241.46111857096216,240.11393111001144,242.72168410170832
243.33,241.46111857096216,240.11393111001144,240.3071919487259
243.33,241.46111857096216,240.11393111001144,241.2466434895489
243.33,241.46111857096216,241.41751602993182,242.72168410170832
243.33,241.46111857096216,241.41751602993182,240.3071919487259
243.33,241.46111857096216,241.41751602993182,241.2466434895489
233.6,237.74178608872137,238.7801641278376,238.64420130658326
245.39,241.68732694045704,242.11388292422413,242.26734945678987
247.37,240.63542315575845,241.88011320921845,241.52398060243723
237.37,236.160708338589,237.31989192566826,237.43563452059465
235.82,238.1221317138339,238.63753221354327,238.61331963180095
236.44,235.0134014356349,237.28972668087377,235.42337461987233
245.33,242.2091400209181,241.68264943937933,242.54666298747335
235.88,241.8260719904618,241.61361796671423,241.03197396238846
236.7,242.0162172010818,241.68264943937933,241.03197396238846
238.33,242.16638408931664,240.29172246922457,240.1630683741909
238.33,242.16638408931664,240.29172246922457,242.19936877014615
238.33,242.16638408931664,240.29172246922457,239.9573129402989
238.33,242.16638408931664,241.28227880767454,240.1630683741909
238.33,242.16638408931664,241.28227880767454,242.19936877014615
238.33,242.16638408931664,241.28227880767454,239.9573129402989
238.33,242.16638408931664,240.06561184861783,240.1630683741909
238.33,242.16638408931664,240.06561184861783,242.19936877014615
238.33,242.16638408931664,240.06561184861783,239.9573129402989
239.33,241.83155360373104,242.17819107792533,241.88007280499212
236.41,239.54031850759006,240.35953263270585,239.00140206249554
242.31,241.00968134558332,240.34218234573433,240.6476158108421
242.31,241.00968134558332,240.34218234573433,241.3511103327945
242.31,241.00968134558332,239.75770825798094,240.6476158108421
242.31,241.00968134558332,239.75770825798094,241.3511103327945
242.15,242.12707575117818,242.15251301376824,242.62907786304467
242.15,242.12707575117818,242.15251301376824,241.13988869519534
242.15,242.12707575117818,240.34218234573433,242.62907786304467
242.15,242.12707575117818,240.34218234573433,241.13988869519534
246.38,240.80629401436966,242.33288255112694,241.77538547032015
241.44,238.88136126457732,239.49202887906245,239.5216297331498
245.65,242.33061831507408,240.34218234573433,240.66103226029074
245.65,242.33061831507408,240.34218234573433,243.5093038732266
245.65,242.33061831507408,242.84572617541932,240.66103226029074
245.65,242.33061831507408,242.84572617541932,243.5093038732266
239.82,242.0466019899559,242.2162773613564,242.13209903725075
240.55,240.65133247782333,240.4096252446365,239.28368071437117
242.0,241.99578782948848,242.17819107792533,241.98844134339728
240.83,239.29914067759245,238.8879229732392,238.74100885750835
240.83,239.29914067759245,238.8879229732392,240.89350607125294
240.83,239.29914067759245,240.4819049314055,238.74100885750835
240.83,239.29914067759245,240.4819049314055,240.89350607125294
244.31,241.29534431909204,239.46947640210624,239.36515021593578
240.74,241.1270580984329,240.65182520753478,240.57712625654815
240.74,241.1270580984329,240.65182520753478,240.3071919487259
240.74,241.1270580984329,240.11393111001144,240.57712625654815
240.74,241.1270580984329,240.11393111001144,240.3071919487259
244.28,241.75946787403032,242.18120620226424,242.42835089776491
242.23,241.1767252616712,239.70779707569673,239.09493677979202
242.23,241.1767252616712,239.70779707569673,240.49211279302162
242.23,241.1767252616712,240.3371821321016,239.09493677979202
242.23,241.1767252616712,240.3371821321016,240.49211279302162
236.21,239.91128197174663,239.240485395151,239.1428909369521
239.56,240.36148963637726,240.0899796847329,239.8162383509985
234.49,236.7687160103227,236.6864163491113,237.24107270488886
241.13,240.85806643769004,240.15578181695514,240.46340335965763
240.56,241.0295600990308,240.33159078064446,241.66681336772015
240.47,240.2440081332504,240.38980354617124,240.73053692248772
240.47,240.2440081332504,240.38980354617124,239.29004583841757
240.47,240.2440081332504,239.78244071897976,240.73053692248772
240.47,240.2440081332504,239.78244071897976,239.29004583841757
243.53,242.00055935504153,242.84572617541932,243.33971082482086
238.86,235.73419741157343,240.32277341330405,240.8355566709594
238.86,235.73419741157343,240.32277341330405,237.68814791704582
238.86,235.73419741157343,237.6213826254081,240.8355566709594
238.86,235.73419741157343,237.6213826254081,237.68814791704582
242.01,241.43341042649445,242.0919539920883,242.42835089776491
239.97,241.45246066212516,241.401986906535,241.0654241244167
239.97,241.45246066212516,241.401986906535,241.1783068797748
239.97,241.45246066212516,241.3405633235829,241.0654241244167
239.97,241.45246066212516,241.3405633235829,241.1783068797748
240.41,241.17784347867405,241.67597656196517,242.2768300003494
240.41,241.17784347867405,241.67597656196517,240.33625446058747
240.41,241.17784347867405,241.67597656196517,239.32092751319988
240.41,241.17784347867405,241.67597656196517,239.37289094702837
240.41,241.17784347867405,240.11393111001144,242.2768300003494
240.41,241.17784347867405,240.11393111001144,240.33625446058747
240.41,241.17784347867405,240.11393111001144,239.32092751319988
240.41,241.17784347867405,240.11393111001144,239.37289094702837
240.41,241.17784347867405,239.8143979217902,242.2768300003494
240.41,241.17784347867405,239.8143979217902,240.33625446058747
240.41,241.17784347867405,239.8143979217902,239.32092751319988
240.41,241.17784347867405,239.8143979217902,239.37289094702837
240.41,241.17784347867405,239.6860971592113,242.2768300003494
240.41,241.17784347867405,239.6860971592113,240.33625446058747
240.41,241.17784347867405,239.6860971592113,239.32092751319988
240.41,241.17784347867405,239.6860971592113,239.37289094702837
240.4,241.61289436900555,240.35563570190226,240.97780179543452
242.77,241.67227019496758,241.70776707416502,241.59931437500637
238.39,240.07156093052424,241.44752698519906,241.37179333009448
238.39,240.07156093052424,241.44752698519906,241.53351077893313
238.39,240.07156093052424,241.60798603656553,241.37179333009448
238.39,240.07156093052424,241.60798603656553,241.53351077893313
241.89,241.49220921066436,241.94905063276002,240.9964738076351
232.63,242.04333368793385,241.73392143387872,241.03197396238846
237.53,239.223116661623,239.78244071897976,239.29004583841757
241.91,241.09945091877518,240.4259049837032,240.1694396174185
236.75,239.4272419247789,239.82465903920667,239.32781178124785
240.71,240.7180517234675,241.87926725143194,240.77237896350957
240.03,240.43069349116388,241.5335007143505,241.49205126188133
242.48,241.51818907922274,241.48028303319728,241.71473390114005
242.48,241.51818907922274,241.48028303319728,243.75649680408884
242.48,241.51818907922274,242.20132700546765,241.71473390114005
242.48,241.51818907922274,242.20132700546765,243.75649680408884
240.23,241.99488570650834,241.2903328927028,241.07223338944698
242.71,242.2713760196156,240.39757836759404,240.2047370002347
242.71,242.2713760196156,240.39757836759404,242.78808735600708
242.71,242.2713760196156,241.74320846105928,240.2047370002347
242.71,242.2713760196156,241.74320846105928,242.78808735600708
240.42,239.3984452795349,239.33875835753398,239.46992135212594
240.42,239.3984452795349,239.33875835753398,238.0529442750499
240.42,239.3984452795349,237.9689867708417,239.46992135212594
240.42,239.3984452795349,237.9689867708417,238.0529442750499
241.86,241.3186480278235,241.00506213402008,241.32796089428126
240.3,241.50939763988217,240.73338649428268,240.70227609709374
241.25,241.85545699243363,240.9451756509167,240.2047370002347
239.97,242.03232893734608,241.401986906535,241.0654241244167
239.97,242.03232893734608,241.401986906535,241.1783068797748
239.97,242.03232893734608,241.3405633235829,241.0654241244167
239.97,242.03232893734608,241.3405633235829,241.1783068797748
240.31,241.3377246871005,240.65182520753478,240.74673628585776
237.44,241.58934862718462,242.19308757435888,242.68050864831508
240.98,241.3924242948516,241.68493228821725,242.68050864831508
240.98,241.3924242948516,241.68493228821725,242.12556256480462
240.98,241.3924242948516,240.44804622830378,242.68050864831508
240.98,241.3924242948516,240.44804622830378,242.12556256480462
240.21,241.74238040962246,241.58985387077942,241.3493754582837
239.38,240.99098497136694,240.38980354617124,240.73053692248772
237.21,241.35626017116678,241.87926725143194,242.00167798026197
237.21,241.35626017116678,241.87926725143194,239.01933003763352
237.21,241.35626017116678,239.79220024141728,242.00167798026197
237.21,241.35626017116678,239.79220024141728,239.01933003763352
243.88,242.0388230813406,240.9451756509167,240.2047370002347
240.74,240.93150487970712,240.65182520753478,240.57712625654815
240.74,240.93150487970712,240.65182520753478,240.3071919487259
240.74,240.93150487970712,240.11393111001144,240.57712625654815
240.74,240.93150487970712,240.11393111001144,240.3071919487259
243.26,240.7193124293296,241.1966587701599,240.78537721109635
242.71,242.6271850743606,240.39757836759404,240.2047370002347
242.71,242.6271850743606,240.39757836759404,242.78808735600708
242.71,242.6271850743606,241.74320846105928,240.2047370002347
242.71,242.6271850743606,241.74320846105928,242.78808735600708
238.49,242.55383863879783,240.39757836759404,240.2047370002347
241.88,242.6271850743606,241.56964125683302,241.1045534308681
241.88,242.6271850743606,241.56964125683302,241.4297155997578
241.88,242.6271850743606,241.56964125683302,240.2047370002347
241.88,242.6271850743606,241.56964125683302,240.70221941223113
241.88,242.6271850743606,241.94905063276002,241.1045534308681
241.88,242.6271850743606,241.94905063276002,241.4297155997578
241.88,242.6271850743606,241.94905063276002,240.2047370002347
241.88,242.6271850743606,241.94905063276002,240.70221941223113
241.88,242.6271850743606,240.39757836759404,241.1045534308681
241.88,242.6271850743606,240.39757836759404,241.4297155997578
241.88,242.6271850743606,240.39757836759404,240.2047370002347
241.88,242.6271850743606,240.39757836759404,240.70221941223113
241.88,242.6271850743606,241.1966587701599,241.1045534308681
241.88,242.6271850743606,241.1966587701599,241.4297155997578
241.88,242.6271850743606,241.1966587701599,240.2047370002347
241.88,242.6271850743606,241.1966587701599,240.70221941223113
242.06,240.6930716418114,241.29302621448028,241.53827157045268
244.49,241.61685012056483,240.7333027038771,241.14808936451118
241.24,241.2407405032625,241.14048524863446,240.90464550122053
241.24,241.2407405032625,241.14048524863446,240.78977677921097
241.24,241.2407405032625,241.14048524863446,240.1630683741909
241.24,241.2407405032625,241.2187453780417,240.90464550122053
241.24,241.2407405032625,241.2187453780417,240.78977677921097
241.24,241.2407405032625,241.2187453780417,240.1630683741909
241.24,241.2407405032625,240.29172246922457,240.90464550122053
241.24,241.2407405032625,240.29172246922457,240.78977677921097
241.24,241.2407405032625,240.29172246922457,240.1630683741909
240.75,241.58973363371277,240.56377334267304,241.14808936451118
240.84,242.1488427346848,241.47628285608886,240.55220170010602
240.84,242.1488427346848,241.47628285608886,241.74198429824523
240.84,242.1488427346848,240.9451756509167,240.55220170010602
240.84,242.1488427346848,240.9451756509167,241.74198429824523
244.4,241.30688600800238,241.88705171341684,241.8021490840642
240.08,240.36308014489495,240.29172246922457,240.1630683741909
240.08,240.36308014489495,240.29172246922457,240.5229944678039
240.08,240.36308014489495,240.35953263270585,240.1630683741909
240.08,240.36308014489495,240.35953263270585,240.5229944678039
240.29,241.6901597535459,241.56964125683302,240.9899500794928
240.32,242.06913426505128,242.17819107792533,241.98844134339728
236.49,240.52713649979117,241.36406691547512,241.05568790842545
242.73,241.63250324513754,241.32164005958128,240.77601738744082
241.49,242.1488427346848,242.0919539920883,242.42835089776491
241.49,242.1488427346848,242.0919539920883,241.74198429824523
241.49,242.1488427346848,240.9451756509167,242.42835089776491
241.49,242.1488427346848,240.9451756509167,241.74198429824523
241.88,241.65246032521597,241.56964125683302,241.1045534308681
241.88,241.65246032521597,241.56964125683302,241.4297155997578
241.88,241.65246032521597,241.56964125683302,240.2047370002347
241.88,241.65246032521597,241.56964125683302,240.70221941223113
241.88,241.65246032521597,241.94905063276002,241.1045534308681
241.88,241.65246032521597,241.94905063276002,241.4297155997578
241.88,241.65246032521597,241.94905063276002,240.2047370002347
241.88,241.65246032521597,241.94905063276002,240.70221941223113
241.88,241.65246032521597,240.39757836759404,241.1045534308681
241.88,241.65246032521597,240.39757836759404,241.4297155997578
241.88,241.65246032521597,240.39757836759404,240.2047370002347
241.88,241.65246032521597,240.39757836759404,240.70221941223113
241.88,241.65246032521597,241.1966587701599,241.1045534308681
241.88,241.65246032521597,241.1966587701599,241.4297155997578
241.88,241.65246032521597,241.1966587701599,240.2047370002347
241.88,241.65246032521597,241.1966587701599,240.70221941223113
240.84,241.7708312075,241.47628285608886,240.55220170010602
240.84,241.7708312075,241.47628285608886,241.74198429824523
240.84,241.7708312075,240.9451756509167,240.55220170010602
240.84,241.7708312075,240.9451756509167,241.74198429824523
241.62,242.23830090651185,242.12949137369756,242.30412227723298
241.51,241.78052004835314,242.84572617541932,243.33971082482086
237.36,238.52628399972718,238.35737940606697,237.90395043612384
235.75,239.62228274852032,239.35989087909806,239.1428909369521
238.7,240.03639517316196,240.3092402800402,239.00178481227152
238.7,240.03639517316196,240.3092402800402,239.50981718182166
238.7,240.03639517316196,240.3092402800402,238.42839878750524
238.7,240.03639517316196,239.76035327208547,239.00178481227152
238.7,240.03639517316196,239.76035327208547,239.50981718182166
238.7,240.03639517316196,239.76035327208547,238.42839878750524
238.7,240.03639517316196,238.7508277544821,239.00178481227152
238.7,240.03639517316196,238.7508277544821,239.50981718182166
238.7,240.03639517316196,238.7508277544821,238.42839878750524
245.1,241.2624796425431,240.41294338164136,240.5860854383742
238.33,240.16058219283843,240.29172246922457,240.1630683741909
238.33,240.16058219283843,240.29172246922457,242.19936877014615
238.33,240.16058219283843,240.29172246922457,239.9573129402989
238.33,240.16058219283843,241.28227880767454,240.1630683741909
238.33,240.16058219283843,241.28227880767454,242.19936877014615
238.33,240.16058219283843,241.28227880767454,239.9573129402989
238.33,240.16058219283843,240.06561184861783,240.1630683741909
238.33,240.16058219283843,240.06561184861783,242.19936877014615
238.33,240.16058219283843,240.06561184861783,239.9573129402989
242.23,241.5956828170293,239.70779707569673,239.09493677979202
242.23,241.5956828170293,239.70779707569673,240.49211279302162
242.23,241.5956828170293,240.3371821321016,239.09493677979202
242.23,241.5956828170293,240.3371821321016,240.49211279302162
242.43,241.4852460760428,241.56935594702145,241.24357851248192
240.25,241.71524552147957,240.0377504452428,240.13586904391914
240.25,241.71524552147957,240.0377504452428,241.3493754582837
240.25,241.71524552147957,241.58985387077942,240.13586904391914
240.25,241.71524552147957,241.58985387077942,241.3493754582837
244.66,240.7103232972572,241.81735909898512,241.3493754582837
242.97,241.367209717882,242.84572617541932,243.33971082482086
242.97,241.367209717882,242.84572617541932,242.18173774264574
242.97,241.367209717882,242.28594178318812,243.33971082482086
242.97,241.367209717882,242.28594178318812,242.18173774264574
235.56,240.05470654085016,239.82391885222552,239.51807059933137
244.47,241.58088699049966,241.6540257808665,241.32755324440944
241.66,241.94840758266082,242.24308430056232,242.4822994443026
236.15,236.9791160225626,238.8879229732392,237.98935128207484
234.97,235.38487871535565,236.66347181495763,234.9109509032149
234.97,235.38487871535565,236.66347181495763,236.9424067320112
234.97,235.38487871535565,240.38980354617124,234.9109509032149
234.97,235.38487871535565,240.38980354617124,236.9424067320112
243.2,240.65164860065568,241.86491848521297,241.1622225877255
241.29,241.54161545494287,240.48292268690813,240.10650015444008
241.29,241.54161545494287,240.48292268690813,240.77601738744082
241.29,241.54161545494287,241.32164005958128,240.10650015444008
241.29,241.54161545494287,241.32164005958128,240.77601738744082
244.27,241.71358140779847,241.87926725143194,241.94912455163052
244.27,241.71358140779847,241.87926725143194,241.26975440803807
244.27,241.71358140779847,241.87926725143194,242.13209903725075
244.27,241.71358140779847,239.7360083414955,241.94912455163052
244.27,241.71358140779847,239.7360083414955,241.26975440803807
244.27,241.71358140779847,239.7360083414955,242.13209903725075
244.27,241.71358140779847,242.23929900142707,241.94912455163052
244.27,241.71358140779847,242.23929900142707,241.26975440803807
244.27,241.71358140779847,242.23929900142707,242.13209903725075
246.45,241.56461530008556,240.33245817641432,241.36498112719423
242.87,242.0815606116512,240.92030793985222,240.39315739149885
242.87,242.0815606116512,240.92030793985222,242.4329149004523
242.87,242.0815606116512,241.85303255178195,240.39315739149885
242.87,242.0815606116512,241.85303255178195,242.4329149004523
238.78,237.67166643113134,238.00451224321773,237.27625737729343
238.78,237.67166643113134,238.00451224321773,241.66681336772015
238.78,237.67166643113134,239.76981026628897,237.27625737729343
238.78,237.67166643113134,239.76981026628897,241.66681336772015
244.81,241.62396800328915,240.4096252446365,242.37270471173278
241.81,241.51753749626693,242.0919539920883,242.42835089776491
242.47,241.6646611348581,240.38980354617124,240.73053692248772
245.77,241.6420094936619,241.88985088041403,243.07082907715255
239.05,240.28131925416434,239.36427899806864,239.41773506412497
248.05,241.48086427848554,242.0919539920883,242.42835089776491
239.17,240.3822120080445,240.29172246922457,240.1630683741909
239.13,240.6908017061119,240.38980354617124,240.86159471404662
239.13,240.6908017061119,240.38980354617124,242.36245279498905
239.13,240.6908017061119,242.14322598658768,240.86159471404662
239.13,240.6908017061119,242.14322598658768,242.36245279498905
245.26,240.77571246876403,240.27958696487934,240.1630683741909
246.51,241.9169413793656,242.0919539920883,242.42835089776491
246.13,240.642151310487,238.7801641278376,238.64420130658326
243.31,241.15536168598362,242.17819107792533,241.98844134339728
243.31,241.15536168598362,242.17819107792533,239.99220604953538
243.31,241.15536168598362,240.0461209465302,241.98844134339728
243.31,241.15536168598362,240.0461209465302,239.99220604953538
241.55,240.89452356144878,242.15251301376824,242.30412227723298
241.55,240.89452356144878,242.15251301376824,239.26892580720605
241.55,240.89452356144878,242.15251301376824,238.5494448328579
241.55,240.89452356144878,240.10548745639488,242.30412227723298
241.55,240.89452356144878,240.10548745639488,239.26892580720605
241.55,240.89452356144878,240.10548745639488,238.5494448328579
241.55,240.89452356144878,240.299633577834,242.30412227723298
241.55,240.89452356144878,240.299633577834,239.26892580720605
241.55,240.89452356144878,240.299633577834,238.5494448328579
239.93,239.26770089794348,239.8143979217902,240.92850863658535
249.06,241.91816528264596,242.0919539920883,242.42835089776491
247.34,242.23973052487943,242.7669885916455,242.19936877014615
244.68,242.16002205524595,242.84572617541932,243.30886576902782
244.68,242.16002205524595,242.84572617541932,242.37270471173278
244.68,242.16002205524595,242.84572617541932,241.98844134339728
244.68,242.16002205524595,240.42176074898174,243.30886576902782
244.68,242.16002205524595,240.42176074898174,242.37270471173278
244.68,242.16002205524595,240.42176074898174,241.98844134339728
244.68,242.16002205524595,241.9809870055777,243.30886576902782
244.68,242.16002205524595,241.9809870055777,242.37270471173278
244.68,242.16002205524595,241.9809870055777,241.98844134339728
248.49,241.7613881852036,242.84572617541932,243.30886576902782
239.57,239.54896037171625,240.39941024837748,240.234601500816
239.57,239.54896037171625,240.39941024837748,238.79319514550932
239.57,239.54896037171625,240.39941024837748,240.73053692248772
239.57,239.54896037171625,238.76753939533296,240.234601500816
239.57,239.54896037171625,238.76753939533296,238.79319514550932
239.57,239.54896037171625,238.76753939533296,240.73053692248772
239.57,239.54896037171625,240.39550982241218,240.234601500816
239.57,239.54896037171625,240.39550982241218,238.79319514550932
239.57,239.54896037171625,240.39550982241218,240.73053692248772
246.46,241.74384683057175,242.84572617541932,243.33971082482086
242.58,241.1363987353396,241.9637720608445,241.86004139801253
242.58,241.1363987353396,241.9637720608445,241.24357851248192
242.58,241.1363987353396,241.9637720608445,240.68237161110514
242.58,241.1363987353396,241.9637720608445,242.06515456127892
242.58,241.1363987353396,241.59514799565358,241.86004139801253
242.58,241.1363987353396,241.59514799565358,241.24357851248192
242.58,241.1363987353396,241.59514799565358,240.68237161110514
242.58,241.1363987353396,241.59514799565358,242.06515456127892
242.58,241.1363987353396,240.41868040062604,241.86004139801253
242.58,241.1363987353396,240.41868040062604,241.24357851248192
242.58,241.1363987353396,240.41868040062604,240.68237161110514
242.58,241.1363987353396,240.41868040062604,242.06515456127892
242.58,241.1363987353396,240.42176074898174,241.86004139801253
242.58,241.1363987353396,240.42176074898174,241.24357851248192
242.58,241.1363987353396,240.42176074898174,240.68237161110514
242.58,241.1363987353396,240.42176074898174,242.06515456127892
242.78,241.76432668457005,242.15251301376824,242.30412227723298
240.41,239.58339952037957,241.67597656196517,242.2768300003494
240.41,239.58339952037957,241.67597656196517,240.33625446058747
240.41,239.58339952037957,241.67597656196517,239.32092751319988
240.41,239.58339952037957,241.67597656196517,239.37289094702837
240.41,239.58339952037957,240.11393111001144,242.2768300003494
240.41,239.58339952037957,240.11393111001144,240.33625446058747
240.41,239.58339952037957,240.11393111001144,239.32092751319988
240.41,239.58339952037957,240.11393111001144,239.37289094702837
240.41,239.58339952037957,239.8143979217902,242.2768300003494
240.41,239.58339952037957,239.8143979217902,240.33625446058747
240.41,239.58339952037957,239.8143979217902,239.32092751319988
240.41,239.58339952037957,239.8143979217902,239.37289094702837
240.41,239.58339952037957,239.6860971592113,242.2768300003494
240.41,239.58339952037957,239.6860971592113,240.33625446058747
240.41,239.58339952037957,239.6860971592113,239.32092751319988
240.41,239.58339952037957,239.6860971592113,239.37289094702837
248.38,241.74384683057175,242.84572617541932,243.33971082482086
245.63,240.9115879030982,240.0899796847329,239.8162383509985
234.08,230.44187748918029,236.7003303309446,234.9464732741178
248.54,242.34975017822362,242.7669885916455,242.19936877014615
245.86,241.77580372667268,242.21072123818195,242.40652868389068
244.57,241.2304675425696,240.42176074898174,241.08390038209203
245.06,241.70717361279037,242.84572617541932,243.33971082482086
249.84,241.85994919773603,242.1407679837877,242.40519308149297
240.41,240.80657427062056,241.67597656196517,242.2768300003494
240.41,240.80657427062056,241.67597656196517,240.33625446058747
240.41,240.80657427062056,241.67597656196517,239.32092751319988
240.41,240.80657427062056,241.67597656196517,239.37289094702837
240.41,240.80657427062056,240.11393111001144,242.2768300003494
240.41,240.80657427062056,240.11393111001144,240.33625446058747
240.41,240.80657427062056,240.11393111001144,239.32092751319988
240.41,240.80657427062056,240.11393111001144,239.37289094702837
240.41,240.80657427062056,239.8143979217902,242.2768300003494
240.41,240.80657427062056,239.8143979217902,240.33625446058747
240.41,240.80657427062056,239.8143979217902,239.32092751319988
240.41,240.80657427062056,239.8143979217902,239.37289094702837
240.41,240.80657427062056,239.6860971592113,242.2768300003494
240.41,240.80657427062056,239.6860971592113,240.33625446058747
240.41,240.80657427062056,239.6860971592113,239.32092751319988
240.41,240.80657427062056,239.6860971592113,239.37289094702837
239.5,240.36523022991418,239.80196170666187,239.45604620239058
239.5,240.36523022991418,239.80196170666187,238.73123650694612
239.5,240.36523022991418,237.8067230899904,239.45604620239058
239.5,240.36523022991418,237.8067230899904,238.73123650694612
248.22,242.47418537303687,242.84572617541932,243.30886576902782
248.22,242.47418537303687,242.84572617541932,242.5116157866467
248.22,242.47418537303687,242.35987774461356,243.30886576902782
248.22,242.47418537303687,242.35987774461356,242.5116157866467
243.29,241.44195934816608,241.87926725143194,241.33709909816417
239.83,239.88874497518367,238.74252537189068,238.61585901696276
238.75,240.53055059156029,240.4096252446365,241.08390038209203
244.91,241.4473352751578,242.28594178318812,242.18173774264574
238.79,240.01866084726586,240.42176074898174,239.28368071437117
243.05,242.31307696044223,242.7669885916455,242.19936877014615
244.09,241.80252246317357,240.2438011534426,240.69207599960612
240.34,241.37805451431996,240.38980354617124,240.73053692248772
244.68,240.84460350160612,242.84572617541932,243.30886576902782
244.68,240.84460350160612,242.84572617541932,242.37270471173278
244.68,240.84460350160612,242.84572617541932,241.98844134339728
244.68,240.84460350160612,240.42176074898174,243.30886576902782
244.68,240.84460350160612,240.42176074898174,242.37270471173278
244.68,240.84460350160612,240.42176074898174,241.98844134339728
244.68,240.84460350160612,241.9809870055777,243.30886576902782
244.68,240.84460350160612,241.9809870055777,242.37270471173278
244.68,240.84460350160612,241.9809870055777,241.98844134339728
243.62,242.18202353406608,241.68264943937933,242.4329149004523
240.44,241.40153609391263,239.71740377790292,239.09493677979202
242.59,242.03255305372414,241.68264943937933,241.03197396238846
242.58,240.9480049233874,241.9637720608445,241.86004139801253
242.58,240.9480049233874,241.9637720608445,241.24357851248192
242.58,240.9480049233874,241.9637720608445,240.68237161110514
242.58,240.9480049233874,241.9637720608445,242.06515456127892
242.58,240.9480049233874,241.59514799565358,241.86004139801253
242.58,240.9480049233874,241.59514799565358,241.24357851248192
242.58,240.9480049233874,241.59514799565358,240.68237161110514
242.58,240.9480049233874,241.59514799565358,242.06515456127892
242.58,240.9480049233874,240.41868040062604,241.86004139801253
242.58,240.9480049233874,240.41868040062604,241.24357851248192
242.58,240.9480049233874,240.41868040062604,240.68237161110514
242.58,240.9480049233874,240.41868040062604,242.06515456127892
242.58,240.9480049233874,240.42176074898174,241.86004139801253
242.58,240.9480049233874,240.42176074898174,241.24357851248192
242.58,240.9480049233874,240.42176074898174,240.68237161110514
242.58,240.9480049233874,240.42176074898174,242.06515456127892
239.37,240.1891018744118,241.58985387077942,241.3493754582837
239.37,240.1891018744118,241.58985387077942,239.6004358319205
239.37,240.1891018744118,239.8796374975969,241.3493754582837
239.37,240.1891018744118,239.8796374975969,239.6004358319205
240.73,240.98628705097732,239.46947640210624,239.23297440728433
240.73,240.98628705097732,239.46947640210624,240.5079079281033
240.73,240.98628705097732,240.43930008232556,239.23297440728433
240.73,240.98628705097732,240.43930008232556,240.5079079281033
240.1,241.24959940571915,240.33159078064446,241.66681336772015
235.97,236.98655002811927,237.949433042186,237.2453757025111
241.16,241.63296185682913,242.02567941023662,242.71583850067663
245.0,242.08641942219094,242.15251301376824,243.2912408039671
240.92,241.10290653459356,240.11393111001144,240.3071919487259
240.92,241.10290653459356,240.11393111001144,241.66681336772015
240.92,241.10290653459356,240.11393111001144,242.17743183929292
240.92,241.10290653459356,240.33159078064446,240.3071919487259
240.92,241.10290653459356,240.33159078064446,241.66681336772015
240.92,241.10290653459356,240.33159078064446,242.17743183929292
240.92,241.10290653459356,242.33288255112694,240.3071919487259
240.92,241.10290653459356,242.33288255112694,241.66681336772015
240.92,241.10290653459356,242.33288255112694,242.17743183929292
243.08,241.06652773746583,242.04870105030733,242.71583850067663
241.41,237.65349803688184,240.073010736036,239.13892925724346
241.41,237.65349803688184,240.073010736036,241.03197396238846
241.41,237.65349803688184,241.68264943937933,239.13892925724346
241.41,237.65349803688184,241.68264943937933,241.03197396238846
241.55,240.49741697369618,242.15251301376824,242.30412227723298
241.55,240.49741697369618,242.15251301376824,239.26892580720605
241.55,240.49741697369618,242.15251301376824,238.5494448328579
241.55,240.49741697369618,240.10548745639488,242.30412227723298
241.55,240.49741697369618,240.10548745639488,239.26892580720605
241.55,240.49741697369618,240.10548745639488,238.5494448328579
241.55,240.49741697369618,240.299633577834,242.30412227723298
241.55,240.49741697369618,240.299633577834,239.26892580720605
241.55,240.49741697369618,240.299633577834,238.5494448328579
242.74,241.33417140735995,242.0919539920883,242.05585460285064
243.31,241.40901634498616,242.17819107792533,241.98844134339728
243.31,241.40901634498616,242.17819107792533,239.99220604953538
243.31,241.40901634498616,240.0461209465302,241.98844134339728
243.31,241.40901634498616,240.0461209465302,239.99220604953538
239.2,240.9235202560046,240.6370853133448,240.57712625654815
239.49,240.69950113899822,240.6370853133448,240.57712625654815
239.49,240.69950113899822,240.6370853133448,241.66681336772015
239.49,240.69950113899822,240.6370853133448,239.84102755697495
239.49,240.69950113899822,240.33159078064446,240.57712625654815
239.49,240.69950113899822,240.33159078064446,241.66681336772015
239.49,240.69950113899822,240.33159078064446,239.84102755697495
239.49,240.69950113899822,241.01553925382444,240.57712625654815
239.49,240.69950113899822,241.01553925382444,241.66681336772015
239.49,240.69950113899822,241.01553925382444,239.84102755697495
241.19,241.19819594421608,241.33222644397102,241.265220502202
239.37,241.29393216601503,241.58985387077942,241.3493754582837
239.37,241.29393216601503,241.58985387077942,239.6004358319205
239.37,241.29393216601503,239.8796374975969,241.3493754582837
239.37,241.29393216601503,239.8796374975969,239.6004358319205
237.6,241.6602472561867,242.1407679837877,241.7724844285411
227.58,238.10150607008856,239.88234127051697,239.74409882630425
230.08,234.54480834673183,239.948894371085,239.16480031829647
232.29,241.99708533793228,242.1407679837877,242.40519308149297
240.02,242.11792242806786,240.9451756509167,240.2047370002347
240.02,242.11792242806786,240.9451756509167,239.70762297095015
240.02,242.11792242806786,240.9451756509167,241.5504206610141
240.02,242.11792242806786,240.35563570190226,240.2047370002347
240.02,242.11792242806786,240.35563570190226,239.70762297095015
240.02,242.11792242806786,240.35563570190226,241.5504206610141
240.02,242.11792242806786,241.32696812035638,240.2047370002347
240.02,242.11792242806786,241.32696812035638,239.70762297095015
240.02,242.11792242806786,241.32696812035638,241.5504206610141
242.29,242.25886238802897,240.9451756509167,241.74198429824523
243.5,241.96720964315475,241.581123372567,241.2796546285271
238.16,240.99425327338898,240.41868040062604,240.7118841364257
242.19,241.48236278054895,242.0919539920883,242.05585460285064
242.19,241.48236278054895,242.0919539920883,241.98844134339728
242.19,241.48236278054895,242.17819107792533,242.05585460285064
242.19,241.48236278054895,242.17819107792533,241.98844134339728
234.83,234.56560949645086,236.65231153032374,234.9578799790919
240.99,237.90415097028998,241.25527098221445,241.28341471318555
239.65,241.5113042712322,241.87926725143194,241.75960190885365
239.65,241.5113042712322,241.87926725143194,239.83874353686053
239.65,241.5113042712322,240.11626516405494,241.75960190885365
239.65,241.5113042712322,240.11626516405494,239.83874353686053
238.58,240.22115879932238,240.42176074898174,241.08390038209203
241.09,241.7341211871369,241.87926725143194,241.75960190885365
239.1,240.15012333892892,240.38980354617124,240.234601500816
239.1,240.15012333892892,240.38980354617124,239.51022302817572
239.1,240.15012333892892,239.49202887906245,240.234601500816
239.1,240.15012333892892,239.49202887906245,239.51022302817572
243.86,241.68895425155642,241.00123804431345,239.84102755697495
238.7,240.70315444754843,240.3092402800402,239.00178481227152
238.7,240.70315444754843,240.3092402800402,239.50981718182166
238.7,240.70315444754843,240.3092402800402,238.42839878750524
238.7,240.70315444754843,239.76035327208547,239.00178481227152
238.7,240.70315444754843,239.76035327208547,239.50981718182166
238.7,240.70315444754843,239.76035327208547,238.42839878750524
238.7,240.70315444754843,238.7508277544821,239.00178481227152
238.7,240.70315444754843,238.7508277544821,239.50981718182166
238.7,240.70315444754843,238.7508277544821,238.42839878750524
241.38,241.83061939963676,241.47628285608886,240.55220170010602
244.33,241.79794769435205,241.7153753916703,241.21636906684273
240.5,242.29849250646765,241.74320846105928,243.12605785143458
241.24,242.18048822942094,241.14048524863446,240.90464550122053
241.24,242.18048822942094,241.14048524863446,240.78977677921097
241.24,242.18048822942094,241.14048524863446,240.1630683741909
241.24,242.18048822942094,241.2187453780417,240.90464550122053
241.24,242.18048822942094,241.2187453780417,240.78977677921097
241.24,242.18048822942094,241.2187453780417,240.1630683741909
241.24,242.18048822942094,240.29172246922457,240.90464550122053
241.24,242.18048822942094,240.29172246922457,240.78977677921097
241.24,242.18048822942094,240.29172246922457,240.1630683741909
242.4,238.29237081135992,240.1747294954509,240.39727541905813
242.4,238.29237081135992,240.1747294954509,240.89350607125294
242.4,238.29237081135992,240.4819049314055,240.39727541905813
242.4,238.29237081135992,240.4819049314055,240.89350607125294
242.84,240.6068265681338,240.96513042533542,238.83392367020258
243.48,242.0282401398627,241.29874687916032,241.5504206610141
242.87,241.33387840728605,240.92030793985222,240.39315739149885
242.87,241.33387840728605,240.92030793985222,242.4329149004523
242.87,241.33387840728605,241.85303255178195,240.39315739149885
242.87,241.33387840728605,241.85303255178195,242.4329149004523
239.78,242.32595719726618,240.41868040062604,240.65811315699463
239.78,242.32595719726618,240.41868040062604,240.636209105868
239.78,242.32595719726618,240.41868040062604,240.9388883523902
239.78,242.32595719726618,240.34218234573433,240.65811315699463
239.78,242.32595719726618,240.34218234573433,240.636209105868
239.78,242.32595719726618,240.34218234573433,240.9388883523902
239.78,242.32595719726618,241.06281549603267,240.65811315699463
239.78,242.32595719726618,241.06281549603267,240.636209105868
239.78,242.32595719726618,241.06281549603267,240.9388883523902
243.7,241.60882869428062,241.00123804431345,239.84102755697495
242.31,241.12795219905766,240.34218234573433,240.6476158108421
242.31,241.12795219905766,240.34218234573433,241.3511103327945
242.31,241.12795219905766,239.75770825798094,240.6476158108421
242.31,241.12795219905766,239.75770825798094,241.3511103327945
243.33,241.90878784315757,242.02567941023662,242.72168410170832
243.33,241.90878784315757,242.02567941023662,240.3071919487259
243.33,241.90878784315757,242.02567941023662,241.2466434895489
243.33,241.90878784315757,240.11393111001144,242.72168410170832
243.33,241.90878784315757,240.11393111001144,240.3071919487259
243.33,241.90878784315757,240.11393111001144,241.2466434895489
243.33,241.90878784315757,241.41751602993182,242.72168410170832
243.33,241.90878784315757,241.41751602993182,240.3071919487259
243.33,241.90878784315757,241.41751602993182,241.2466434895489
244.54,241.74575911938962,242.02567941023662,242.71583850067663
244.54,241.74575911938962,242.02567941023662,241.93539203203906
244.54,241.74575911938962,242.23929900142707,242.71583850067663
244.54,241.74575911938962,242.23929900142707,241.93539203203906
240.02,240.71638288831886,240.9451756509167,240.2047370002347
240.02,240.71638288831886,240.9451756509167,239.70762297095015
240.02,240.71638288831886,240.9451756509167,241.5504206610141
240.02,240.71638288831886,240.35563570190226,240.2047370002347
240.02,240.71638288831886,240.35563570190226,239.70762297095015
240.02,240.71638288831886,240.35563570190226,241.5504206610141
240.02,240.71638288831886,241.32696812035638,240.2047370002347
240.02,240.71638288831886,241.32696812035638,239.70762297095015
240.02,240.71638288831886,241.32696812035638,241.5504206610141
243.61,241.97556087209458,241.02945928550952,240.86630888391056
241.82,241.52557732384201,241.70776707416502,241.2865331409355
242.2,242.07625356835536,241.28227880767454,240.8777153163559
242.2,242.07625356835536,241.28227880767454,242.34597535779454
242.2,242.07625356835536,241.28227880767454,241.37179333009448
242.2,242.07625356835536,241.87926725143194,240.8777153163559
242.2,242.07625356835536,241.87926725143194,242.34597535779454
242.2,242.07625356835536,241.87926725143194,241.37179333009448
242.2,242.07625356835536,241.44752698519906,240.8777153163559
242.2,242.07625356835536,241.44752698519906,242.34597535779454
242.2,242.07625356835536,241.44752698519906,241.37179333009448
242.24,241.05331769798627,241.87926725143194,242.34597535779454
242.24,241.05331769798627,241.87926725143194,242.37799861587715
242.24,241.05331769798627,242.20352209402103,242.34597535779454
242.24,241.05331769798627,242.20352209402103,242.37799861587715
242.58,241.50037642669568,241.9637720608445,241.86004139801253
242.58,241.50037642669568,241.9637720608445,241.24357851248192
242.58,241.50037642669568,241.9637720608445,240.68237161110514
242.58,241.50037642669568,241.9637720608445,242.06515456127892
242.58,241.50037642669568,241.59514799565358,241.86004139801253
242.58,241.50037642669568,241.59514799565358,241.24357851248192
242.58,241.50037642669568,241.59514799565358,240.68237161110514
242.58,241.50037642669568,241.59514799565358,242.06515456127892
242.58,241.50037642669568,240.41868040062604,241.86004139801253
242.58,241.50037642669568,240.41868040062604,241.24357851248192
242.58,241.50037642669568,240.41868040062604,240.68237161110514
242.58,241.50037642669568,240.41868040062604,242.06515456127892
242.58,241.50037642669568,240.42176074898174,241.86004139801253
242.58,241.50037642669568,240.42176074898174,241.24357851248192
242.58,241.50037642669568,240.42176074898174,240.68237161110514
242.58,241.50037642669568,240.42176074898174,242.06515456127892
242.82,241.78211055687083,240.941338955916,240.1565743138358
242.82,241.78211055687083,240.941338955916,240.2047370002347
242.82,241.78211055687083,240.9451756509167,240.1565743138358
242.82,241.78211055687083,240.9451756509167,240.2047370002347
242.99,241.56660025806656,240.54659515951784,240.37337243476344
242.99,241.56660025806656,240.54659515951784,242.4412198793819
242.99,241.56660025806656,242.04870105030733,240.37337243476344
242.99,241.56660025806656,242.04870105030733,242.4412198793819
241.67,241.05057689135165,241.801566329251,241.9587196007474
240.2,241.5332458247122,241.2446873532324,240.7076807776667
240.02,241.81878377465222,240.9451756509167,240.2047370002347
240.02,241.81878377465222,240.9451756509167,239.70762297095015
240.02,241.81878377465222,240.9451756509167,241.5504206610141
240.02,241.81878377465222,240.35563570190226,240.2047370002347
240.02,241.81878377465222,240.35563570190226,239.70762297095015
240.02,241.81878377465222,240.35563570190226,241.5504206610141
240.02,241.81878377465222,241.32696812035638,240.2047370002347
240.02,241.81878377465222,241.32696812035638,239.70762297095015
240.02,241.81878377465222,241.32696812035638,241.5504206610141
238.96,241.87632185296007,240.47233905792604,241.05742278293621
238.96,241.87632185296007,240.47233905792604,240.82472646119393
238.96,241.87632185296007,241.02702136955835,241.05742278293621
238.96,241.87632185296007,241.02702136955835,240.82472646119393
239.78,240.6240654797566,240.41868040062604,240.65811315699463
239.78,240.6240654797566,240.41868040062604,240.636209105868
239.78,240.6240654797566,240.41868040062604,240.9388883523902
239.78,240.6240654797566,240.34218234573433,240.65811315699463
239.78,240.6240654797566,240.34218234573433,240.636209105868
239.78,240.6240654797566,240.34218234573433,240.9388883523902
239.78,240.6240654797566,241.06281549603267,240.65811315699463
239.78,240.6240654797566,241.06281549603267,240.636209105868
239.78,240.6240654797566,241.06281549603267,240.9388883523902
240.8,240.74151490176936,242.13185080196325,242.36350964198837
242.79,241.35299186914472,242.0689323520176,242.2689104759278
242.79,241.35299186914472,242.0689323520176,242.635364776301
242.79,241.35299186914472,242.0689323520176,241.2027016710077
242.79,241.35299186914472,242.04870105030733,242.2689104759278
242.79,241.35299186914472,242.04870105030733,242.635364776301
242.79,241.35299186914472,242.04870105030733,241.2027016710077
242.79,241.35299186914472,241.69534429346882,242.2689104759278
242.79,241.35299186914472,241.69534429346882,242.635364776301
242.79,241.35299186914472,241.69534429346882,241.2027016710077
239.55,241.23208683131358,240.2438011534426,240.69207599960612
241.88,241.8735258424529,241.56964125683302,241.1045534308681
241.88,241.8735258424529,241.56964125683302,241.4297155997578
241.88,241.8735258424529,241.56964125683302,240.2047370002347
241.88,241.8735258424529,241.56964125683302,240.70221941223113
241.88,241.8735258424529,241.94905063276002,241.1045534308681
241.88,241.8735258424529,241.94905063276002,241.4297155997578
241.88,241.8735258424529,241.94905063276002,240.2047370002347
241.88,241.8735258424529,241.94905063276002,240.70221941223113
241.88,241.8735258424529,240.39757836759404,241.1045534308681
241.88,241.8735258424529,240.39757836759404,241.4297155997578
241.88,241.8735258424529,240.39757836759404,240.2047370002347
241.88,241.8735258424529,240.39757836759404,240.70221941223113
241.88,241.8735258424529,241.1966587701599,241.1045534308681
241.88,241.8735258424529,241.1966587701599,241.4297155997578
241.88,241.8735258424529,241.1966587701599,240.2047370002347
241.88,241.8735258424529,241.1966587701599,240.70221941223113
243.43,241.59345582595884,241.36406691547512,241.24636694502288
241.76,241.45933981264784,241.61361796671423,240.91737061101315
238.66,240.3295879441489,240.42176074898174,240.26548317559832
241.29,241.65640191237253,240.48292268690813,240.10650015444008
241.29,241.65640191237253,240.48292268690813,240.77601738744082
241.29,241.65640191237253,241.32164005958128,240.10650015444008
241.29,241.65640191237253,241.32164005958128,240.77601738744082
243.54,240.5778586538043,242.0689323520176,242.2689104759278
243.54,240.5778586538043,242.0689323520176,241.30345672032038
243.54,240.5778586538043,241.3405633235829,242.2689104759278
243.54,240.5778586538043,241.3405633235829,241.30345672032038
243.27,241.84763325888122,242.09086128415342,242.2689104759278
243.27,241.84763325888122,242.09086128415342,241.2733983309222
243.27,241.84763325888122,241.57892828401359,242.2689104759278
243.27,241.84763325888122,241.57892828401359,241.2733983309222
239.42,240.57194013102216,239.6860971592113,239.3172424478374
240.73,240.3948497271995,239.46947640210624,239.23297440728433
240.73,240.3948497271995,239.46947640210624,240.5079079281033
240.73,240.3948497271995,240.43930008232556,239.23297440728433
240.73,240.3948497271995,240.43930008232556,240.5079079281033
242.79,241.8764827431102,242.0689323520176,242.2689104759278
242.79,241.8764827431102,242.0689323520176,242.635364776301
242.79,241.8764827431102,242.0689323520176,241.2027016710077
242.79,241.8764827431102,242.04870105030733,242.2689104759278
242.79,241.8764827431102,242.04870105030733,242.635364776301
242.79,241.8764827431102,242.04870105030733,241.2027016710077
242.79,241.8764827431102,241.69534429346882,242.2689104759278
242.79,241.8764827431102,241.69534429346882,242.635364776301
242.79,241.8764827431102,241.69534429346882,241.2027016710077
239.57,240.939144600351,240.39941024837748,240.234601500816
239.57,240.939144600351,240.39941024837748,238.79319514550932
239.57,240.939144600351,240.39941024837748,240.73053692248772
239.57,240.939144600351,238.76753939533296,240.234601500816
239.57,240.939144600351,238.76753939533296,238.79319514550932
239.57,240.939144600351,238.76753939533296,240.73053692248772
239.57,240.939144600351,240.39550982241218,240.234601500816
239.57,240.939144600351,240.39550982241218,238.79319514550932
239.57,240.939144600351,240.39550982241218,240.73053692248772
238.05,240.53049538768775,240.35953263270585,240.5229944678039
238.95,240.9447550226562,240.299633577834,238.5494448328579
240.62,241.64166128971542,241.87926725143194,241.94912455163052
238.1,239.4168783782115,239.78244071897976,239.29004583841757
238.1,239.4168783782115,239.78244071897976,243.33971082482086
238.1,239.4168783782115,239.78244071897976,239.3172424478374
238.1,239.4168783782115,242.84572617541932,239.29004583841757
238.1,239.4168783782115,242.84572617541932,243.33971082482086
238.1,239.4168783782115,242.84572617541932,239.3172424478374
238.1,239.4168783782115,239.6860971592113,239.29004583841757
238.1,239.4168783782115,239.6860971592113,243.33971082482086
238.1,239.4168783782115,239.6860971592113,239.3172424478374
240.41,241.71362293184777,241.67597656196517,242.2768300003494
240.41,241.71362293184777,241.67597656196517,240.33625446058747
240.41,241.71362293184777,241.67597656196517,239.32092751319988
240.41,241.71362293184777,241.67597656196517,239.37289094702837
240.41,241.71362293184777,240.11393111001144,242.2768300003494
240.41,241.71362293184777,240.11393111001144,240.33625446058747
240.41,241.71362293184777,240.11393111001144,239.32092751319988
240.41,241.71362293184777,240.11393111001144,239.37289094702837
240.41,241.71362293184777,239.8143979217902,242.2768300003494
240.41,241.71362293184777,239.8143979217902,240.33625446058747
240.41,241.71362293184777,239.8143979217902,239.32092751319988
240.41,241.71362293184777,239.8143979217902,239.37289094702837
240.41,241.71362293184777,239.6860971592113,242.2768300003494
240.41,241.71362293184777,239.6860971592113,240.33625446058747
240.41,241.71362293184777,239.6860971592113,239.32092751319988
240.41,241.71362293184777,239.6860971592113,239.37289094702837
240.14,241.5207642742397,240.299633577834,240.8355566709594
240.06,241.85386648391594,242.84572617541932,243.33971082482086
244.27,241.75846006477263,241.87926725143194,241.94912455163052
244.27,241.75846006477263,241.87926725143194,241.26975440803807
244.27,241.75846006477263,241.87926725143194,242.13209903725075
244.27,241.75846006477263,239.7360083414955,241.94912455163052
244.27,241.75846006477263,239.7360083414955,241.26975440803807
244.27,241.75846006477263,239.7360083414955,242.13209903725075
244.27,241.75846006477263,242.23929900142707,241.94912455163052
244.27,241.75846006477263,242.23929900142707,241.26975440803807
244.27,241.75846006477263,242.23929900142707,242.13209903725075
237.71,239.3340440954152,238.68286757025658,238.83309097520504
237.71,239.3340440954152,238.68286757025658,239.35869345603012
237.71,239.3340440954152,239.83635506735385,238.83309097520504
237.71,239.3340440954152,239.83635506735385,239.35869345603012
236.02,235.3858176409175,236.9819207247912,237.22940358644135
241.12,240.90089927534277,240.32757542989535,240.49211279302162
247.35,242.44396147431289,242.09607389455724,242.794343653612
248.04,242.24791284131376,241.86438403567485,243.9080678877302
235.9,239.588295133501,239.80270189364302,239.29004583841757
243.63,242.29604469990693,242.03331978432388,242.54666298747335
244.35,242.5331162671306,242.7669885916455,243.91553589963684
247.91,242.23654950784407,242.33288255112694,242.14788176523442
241.9,242.1105790083857,242.84572617541932,243.5093038732266
241.9,242.1105790083857,242.84572617541932,242.37799861587715
241.9,242.1105790083857,242.84572617541932,241.73219117770245
241.9,242.1105790083857,242.09607389455724,243.5093038732266
241.9,242.1105790083857,242.09607389455724,242.37799861587715
241.9,242.1105790083857,242.09607389455724,241.73219117770245
241.9,242.1105790083857,242.04870105030733,243.5093038732266
241.9,242.1105790083857,242.04870105030733,242.37799861587715
241.9,242.1105790083857,242.04870105030733,241.73219117770245
240.47,241.23814076490737,240.38980354617124,240.73053692248772
240.47,241.23814076490737,240.38980354617124,239.29004583841757
240.47,241.23814076490737,239.78244071897976,240.73053692248772
240.47,241.23814076490737,239.78244071897976,239.29004583841757
242.12,241.7077011081778,242.19203997828708,242.08162405657492
241.34,241.1181977753965,240.48090851690193,241.68862273769392
241.34,241.1181977753965,240.48090851690193,241.0000914050986
241.34,241.1181977753965,241.3103410574672,241.68862273769392
241.34,241.1181977753965,241.3103410574672,241.0000914050986
245.65,241.42568765775198,240.34218234573433,240.66103226029074
245.65,241.42568765775198,240.34218234573433,243.5093038732266
245.65,241.42568765775198,242.84572617541932,240.66103226029074
245.65,241.42568765775198,242.84572617541932,243.5093038732266
240.37,237.95123866846455,236.65033061449884,237.19414362901188
244.43,241.23913159345395,242.04870105030733,243.43353742495006
244.75,241.54386084730422,240.38980354617124,240.86159471404662
247.02,241.75730032372053,240.11393111001144,243.5464570776619
243.81,240.7970680220962,239.46947640210624,239.36515021593578
244.04,241.2734211669029,240.34218234573433,240.636209105868
248.22,241.72471496742222,242.84572617541932,243.30886576902782
248.22,241.72471496742222,242.84572617541932,242.5116157866467
248.22,241.72471496742222,242.35987774461356,243.30886576902782
248.22,241.72471496742222,242.35987774461356,242.5116157866467
248.42,242.03723257282292,242.84572617541932,243.5093038732266
245.9,241.74597851430013,241.5474270148856,241.24357851248192
246.62,242.03620636227438,242.30053577382267,243.75649680408884
242.4,241.33876457747232,240.1747294954509,240.39727541905813
242.4,241.33876457747232,240.1747294954509,240.89350607125294
242.4,241.33876457747232,240.4819049314055,240.39727541905813
242.4,241.33876457747232,240.4819049314055,240.89350607125294
237.61,235.22693340308496,238.85697647730885,238.74257652721892
246.85,241.44388861769508,240.41868040062604,240.68237161110514
243.25,241.47210492025908,239.70779707569673,239.09493677979202
243.25,241.47210492025908,239.70779707569673,238.82667537363724
243.25,241.47210492025908,240.0984566211076,239.09493677979202
243.25,241.47210492025908,240.0984566211076,238.82667537363724
239.18,237.4197999733783,236.66347181495763,237.19414362901188
246.01,241.38326152880612,240.44804622830378,242.17580980923617
244.14,241.47694532950797,240.46100783036565,242.2980172168934
242.17,240.99734228397008,240.29468567813987,240.5229944678039
244.3,241.1659998313341,240.39550982241218,242.17580980923617
240.92,240.81055738182638,240.11393111001144,240.3071919487259
240.92,240.81055738182638,240.11393111001144,241.66681336772015
240.92,240.81055738182638,240.11393111001144,242.17743183929292
240.92,240.81055738182638,240.33159078064446,240.3071919487259
240.92,240.81055738182638,240.33159078064446,241.66681336772015
240.92,240.81055738182638,240.33159078064446,242.17743183929292
240.92,240.81055738182638,242.33288255112694,240.3071919487259
240.92,240.81055738182638,242.33288255112694,241.66681336772015
240.92,240.81055738182638,242.33288255112694,242.17743183929292
246.32,240.39913951830252,238.67927210551267,238.80357844988447
244.36,242.541976590167,242.1407679837877,242.6586250358072
239.1,240.43372257640482,240.38980354617124,240.234601500816
239.1,240.43372257640482,240.38980354617124,239.51022302817572
239.1,240.43372257640482,239.49202887906245,240.234601500816
239.1,240.43372257640482,239.49202887906245,239.51022302817572
237.69,236.91617417303704,236.7003303309446,237.24979821985974
243.1,241.60619357392352,241.87926725143194,242.00167798026197
244.01,241.4281939690731,240.3068211824851,241.5458665095939
242.03,241.1564246991139,240.38980354617124,241.93701019512716
240.42,240.66062026743748,239.33875835753398,239.46992135212594
240.42,240.66062026743748,239.33875835753398,238.0529442750499
240.42,240.66062026743748,237.9689867708417,239.46992135212594
240.42,240.66062026743748,237.9689867708417,238.0529442750499
240.52,241.1969753418236,239.7360083414955,239.08988750719368
240.52,241.1969753418236,239.7360083414955,242.40519308149297
240.52,241.1969753418236,242.1407679837877,239.08988750719368
240.52,241.1969753418236,242.1407679837877,242.40519308149297
237.47,240.71025534956163,240.11430705170523,240.20748007110598
242.79,242.1720633953177,242.0689323520176,242.2689104759278
242.79,242.1720633953177,242.0689323520176,242.635364776301
242.79,242.1720633953177,242.0689323520176,241.2027016710077
242.79,242.1720633953177,242.04870105030733,242.2689104759278
242.79,242.1720633953177,242.04870105030733,242.635364776301
242.79,242.1720633953177,242.04870105030733,241.2027016710077
242.79,242.1720633953177,241.69534429346882,242.2689104759278
242.79,242.1720633953177,241.69534429346882,242.635364776301
242.79,242.1720633953177,241.69534429346882,241.2027016710077
240.16,241.82221296682437,241.86682924034335,241.81108556687795
245.3,242.07231528208663,242.1407679837877,242.6586250358072
245.3,242.07231528208663,242.1407679837877,243.29890683401175
245.3,242.07231528208663,242.62295475673622,242.6586250358072
245.3,242.07231528208663,242.62295475673622,243.29890683401175
245.62,241.6897931483086,242.15251301376824,243.2912408039671
242.39,242.028657227505,241.7371988801182,241.66882025005546
243.54,241.84721144977132,242.0689323520176,242.2689104759278
243.54,241.84721144977132,242.0689323520176,241.30345672032038
243.54,241.84721144977132,241.3405633235829,242.2689104759278
243.54,241.84721144977132,241.3405633235829,241.30345672032038
240.88,240.18233643252205,240.73338649428268,240.70227609709374
240.88,240.18233643252205,240.73338649428268,239.2487879885056
240.88,240.18233643252205,239.50698126326856,240.70227609709374
240.88,240.18233643252205,239.50698126326856,239.2487879885056
239.01,241.39048558238744,241.88985088041403,241.70271702847282
239.01,241.39048558238744,241.88985088041403,238.12374168857133
239.01,241.39048558238744,239.83247122545805,241.70271702847282
239.01,241.39048558238744,239.83247122545805,238.12374168857133
241.5,241.4308305100099,242.04870105030733,242.7953961471563
243.22,241.3478537383544,241.37465054445715,240.8818143332426
242.04,241.1103740418441,240.34218234573433,240.636209105868
244.15,241.61469531407803,242.84572617541932,243.30886576902782
244.03,241.20651839292964,241.9809870055777,241.98844134339728
242.38,241.86014689046783,242.04870105030733,242.635364776301
242.38,241.86014689046783,242.04870105030733,241.7724844285411
242.38,241.86014689046783,242.03331978432388,242.635364776301
242.38,241.86014689046783,242.03331978432388,241.7724844285411
241.71,241.81547064769305,241.87926725143194,241.94912455163052
241.71,241.81547064769305,241.87926725143194,240.99323512719312
241.71,241.81547064769305,241.801566329251,241.94912455163052
241.71,241.81547064769305,241.801566329251,240.99323512719312
241.4,241.67258159633235,242.1407679837877,242.40519308149297
242.19,241.16991878031166,242.0919539920883,242.05585460285064
242.19,241.16991878031166,242.0919539920883,241.98844134339728
242.19,241.16991878031166,242.17819107792533,242.05585460285064
242.19,241.16991878031166,242.17819107792533,241.98844134339728
237.94,240.34804180069636,240.41006472083455,240.234601500816
241.8,240.5449109291568,240.27958696487934,240.1630683741909
241.27,240.73458384826193,240.42176074898174,242.37270471173278
241.27,240.73458384826193,240.42176074898174,239.32092751319988
241.27,240.73458384826193,239.8143979217902,242.37270471173278
241.27,240.73458384826193,239.8143979217902,239.32092751319988
245.3,242.54875571188003,242.1407679837877,242.6586250358072
245.3,242.54875571188003,242.1407679837877,243.29890683401175
245.3,242.54875571188003,242.62295475673622,242.6586250358072
245.3,242.54875571188003,242.62295475673622,243.29890683401175
244.68,241.54134887851524,242.84572617541932,243.30886576902782
244.68,241.54134887851524,242.84572617541932,242.37270471173278
244.68,241.54134887851524,242.84572617541932,241.98844134339728
244.68,241.54134887851524,240.42176074898174,243.30886576902782
244.68,241.54134887851524,240.42176074898174,242.37270471173278
244.68,241.54134887851524,240.42176074898174,241.98844134339728
244.68,241.54134887851524,241.9809870055777,243.30886576902782
244.68,241.54134887851524,241.9809870055777,242.37270471173278
244.68,241.54134887851524,241.9809870055777,241.98844134339728
236.63,240.997067685187,240.1055606087241,240.09248852732676
242.97,241.92721291947873,242.84572617541932,243.33971082482086
242.97,241.92721291947873,242.84572617541932,242.18173774264574
242.97,241.92721291947873,242.28594178318812,243.33971082482086
242.97,241.92721291947873,242.28594178318812,242.18173774264574
244.78,242.00055935504153,242.84572617541932,243.33971082482086
242.41,241.2588263339929,240.31945527629924,241.66681336772015
241.65,241.8194537588989,241.87926725143194,242.00167798026197
241.65,241.8194537588989,241.87926725143194,241.3773143147585
241.65,241.8194537588989,241.02402167111958,242.00167798026197
241.65,241.8194537588989,241.02402167111958,241.3773143147585
245.74,241.3688563662725,240.1584655770965,240.37709010041561
239.08,240.0940941416199,239.35179930722293,239.41930273383554
241.08,241.63223666870988,242.62295475673622,243.2218004712021
241.55,241.4410468462505,242.15251301376824,242.30412227723298
241.55,241.4410468462505,242.15251301376824,239.26892580720605
241.55,241.4410468462505,242.15251301376824,238.5494448328579
241.55,241.4410468462505,240.10548745639488,242.30412227723298
241.55,241.4410468462505,240.10548745639488,239.26892580720605
241.55,241.4410468462505,240.10548745639488,238.5494448328579
241.55,241.4410468462505,240.299633577834,242.30412227723298
241.55,241.4410468462505,240.299633577834,239.26892580720605
241.55,241.4410468462505,240.299633577834,238.5494448328579
239.95,239.61911541130823,238.7508277544821,238.42839878750524
239.45,240.53208589620542,240.42176074898174,239.28368071437117
242.2,241.03975945456023,241.28227880767454,240.8777153163559
242.2,241.03975945456023,241.28227880767454,242.34597535779454
242.2,241.03975945456023,241.28227880767454,241.37179333009448
242.2,241.03975945456023,241.87926725143194,240.8777153163559
242.2,241.03975945456023,241.87926725143194,242.34597535779454
242.2,241.03975945456023,241.87926725143194,241.37179333009448
242.2,241.03975945456023,241.44752698519906,240.8777153163559
242.2,241.03975945456023,241.44752698519906,242.34597535779454
242.2,241.03975945456023,241.44752698519906,241.37179333009448
241.87,241.1130242626042,240.64002316503132,240.80947667793703
242.2,241.94634478262827,241.28227880767454,240.8777153163559
242.2,241.94634478262827,241.28227880767454,242.34597535779454
242.2,241.94634478262827,241.28227880767454,241.37179333009448
242.2,241.94634478262827,241.87926725143194,240.8777153163559
242.2,241.94634478262827,241.87926725143194,242.34597535779454
242.2,241.94634478262827,241.87926725143194,241.37179333009448
242.2,241.94634478262827,241.44752698519906,240.8777153163559
242.2,241.94634478262827,241.44752698519906,242.34597535779454
242.2,241.94634478262827,241.44752698519906,241.37179333009448
239.22,239.2527479584235,240.09038260648214,238.99212477603717
237.9,240.8105205792447,240.0377504452428,240.13586904391914
242.58,240.76047785241337,241.9637720608445,241.86004139801253
242.58,240.76047785241337,241.9637720608445,241.24357851248192
242.58,240.76047785241337,241.9637720608445,240.68237161110514
242.58,240.76047785241337,241.9637720608445,242.06515456127892
242.58,240.76047785241337,241.59514799565358,241.86004139801253
242.58,240.76047785241337,241.59514799565358,241.24357851248192
242.58,240.76047785241337,241.59514799565358,240.68237161110514
242.58,240.76047785241337,241.59514799565358,242.06515456127892
242.58,240.76047785241337,240.41868040062604,241.86004139801253
242.58,240.76047785241337,240.41868040062604,241.24357851248192
242.58,240.76047785241337,240.41868040062604,240.68237161110514
242.58,240.76047785241337,240.41868040062604,242.06515456127892
242.58,240.76047785241337,240.42176074898174,241.86004139801253
242.58,240.76047785241337,240.42176074898174,241.24357851248192
242.58,240.76047785241337,240.42176074898174,240.68237161110514
242.58,240.76047785241337,240.42176074898174,242.06515456127892
241.02,240.9189775682972,241.87926725143194,240.77237896350957
239.78,240.50392479751397,240.41868040062604,240.65811315699463
239.78,240.50392479751397,240.41868040062604,240.636209105868
239.78,240.50392479751397,240.41868040062604,240.9388883523902
239.78,240.50392479751397,240.34218234573433,240.65811315699463
239.78,240.50392479751397,240.34218234573433,240.636209105868
239.78,240.50392479751397,240.34218234573433,240.9388883523902
239.78,240.50392479751397,241.06281549603267,240.65811315699463
239.78,240.50392479751397,241.06281549603267,240.636209105868
239.78,240.50392479751397,241.06281549603267,240.9388883523902
237.58,240.90011558246314,239.71350335193765,239.09493677979202
240.88,241.24833539896926,240.73338649428268,240.70227609709374
240.88,241.24833539896926,240.73338649428268,239.2487879885056
240.88,241.24833539896926,239.50698126326856,240.70227609709374
240.88,241.24833539896926,239.50698126326856,239.2487879885056
243.12,241.15389432903407,242.33288255112694,241.98688032425935
238.53,240.53701831190855,240.35563570190226,239.70762297095015
242.34,241.37766054943606,241.57892828401359,240.70558166076876
239.49,241.17504416727903,240.6370853133448,240.57712625654815
239.49,241.17504416727903,240.6370853133448,241.66681336772015
239.49,241.17504416727903,240.6370853133448,239.84102755697495
239.49,241.17504416727903,240.33159078064446,240.57712625654815
239.49,241.17504416727903,240.33159078064446,241.66681336772015
239.49,241.17504416727903,240.33159078064446,239.84102755697495
239.49,241.17504416727903,241.01553925382444,240.57712625654815
239.49,241.17504416727903,241.01553925382444,241.66681336772015
239.49,241.17504416727903,241.01553925382444,239.84102755697495
240.93,241.31081391533564,241.35439610757953,240.98368772874494
240.93,241.31081391533564,241.35439610757953,242.16054193752265
240.93,241.31081391533564,242.0919539920883,240.98368772874494
240.93,241.31081391533564,242.0919539920883,242.16054193752265
239.85,241.51079517713563,241.57892828401359,241.15879497954688
238.41,242.19960169127964,241.05524261075448,240.91090179882545
238.41,242.19960169127964,241.05524261075448,240.5229944678039
238.41,242.19960169127964,240.35953263270585,240.91090179882545
238.41,242.19960169127964,240.35953263270585,240.5229944678039
240.86,242.11216951690338,240.9451756509167,241.74198429824523
240.6,241.35732318429703,241.57892828401359,240.70558166076876
240.6,241.35732318429703,241.57892828401359,240.2047370002347
240.6,241.35732318429703,240.9451756509167,240.70558166076876
240.6,241.35732318429703,240.9451756509167,240.2047370002347
241.58,241.14065314444065,240.0696594200865,239.69198250731802
242.67,242.01066198264914,241.74320846105928,241.2796546285271
237.85,239.6713223875615,238.7508277544821,238.42839878750524
241.54,234.62761148441427,238.9854345994732,238.51848225783746
238.63,240.22927788952873,239.4376386184556,239.7251378307651
240.25,239.87455827156026,240.0377504452428,240.13586904391914
240.25,239.87455827156026,240.0377504452428,241.3493754582837
240.25,239.87455827156026,241.58985387077942,240.13586904391914
240.25,239.87455827156026,241.58985387077942,241.3493754582837
241.84,241.15414722563844,241.77850705454517,240.31876019285457
238.86,240.98144664172844,240.32277341330405,240.8355566709594
238.86,240.98144664172844,240.32277341330405,237.68814791704582
238.86,240.98144664172844,237.6213826254081,240.8355566709594
238.86,240.98144664172844,237.6213826254081,237.68814791704582
240.7,241.16926813335613,240.05284915850334,240.7118841364257
242.82,242.12817556689012,240.941338955916,240.1565743138358
242.82,242.12817556689012,240.941338955916,240.2047370002347
242.82,242.12817556689012,240.9451756509167,240.1565743138358
242.82,242.12817556689012,240.9451756509167,240.2047370002347
238.68,241.99504093919057,240.7609555081226,239.96141911375474
243.96,241.18627303424486,241.6243732665373,241.7724844285411
243.27,241.72240964972076,242.09086128415342,242.2689104759278
243.27,241.72240964972076,242.09086128415342,241.2733983309222
243.27,241.72240964972076,241.57892828401359,242.2689104759278
243.27,241.72240964972076,241.57892828401359,241.2733983309222
241.49,241.7810291424497,242.0919539920883,242.42835089776491
241.49,241.7810291424497,242.0919539920883,241.74198429824523
241.49,241.7810291424497,240.9451756509167,242.42835089776491
241.49,241.7810291424497,240.9451756509167,241.74198429824523
239.34,237.54630647515899,239.46947640210624,239.36515021593578
240.79,240.41450908573646,239.40419976394992,239.3964798926042
243.18,241.24160110219336,241.9809870055777,241.98844134339728
239.11,240.49074825972826,240.54183903793108,240.80947667793703
240.24,241.6224742226933,241.7371988801182,241.46728448475267
239.99,241.7422563220541,242.62295475673622,243.29890683401175
238.96,241.32119114172633,240.47233905792604,241.05742278293621
238.96,241.32119114172633,240.47233905792604,240.82472646119393
238.96,241.32119114172633,241.02702136955835,241.05742278293621
238.96,241.32119114172633,241.02702136955835,240.82472646119393
246.27,242.2572718795113,242.84572617541932,243.5093038732266
241.57,241.07665206725213,241.60211199501964,241.45124885378604
244.5,241.6208893716435,240.14336072718373,240.46487321688977
240.0,241.2421238761132,240.38980354617124,242.17580980923617
245.66,241.72091114765735,242.23929900142707,243.6493788824045
245.73,241.70717361279037,242.84572617541932,243.33971082482086
239.27,239.3265133619367,237.8067230899904,237.83181091142956
236.17,241.1873865297801,241.9809870055777,241.98844134339728
241.75,241.16764082225674,240.14912745265315,239.97561549429975
235.47,237.96818742948045,239.8143979217902,239.32092751319988
